character,node,node_type,election,AAfriend,flapflap,flapeye
AA,node_0,thought,1,7,7,5
AA,node_1,event,1,7,7,5
AA,node_2,event,1,7,6,5
AA,node_3,event,1,7,6,5
AA,node_4,event,1,7,6,5
AA,node_5,event,1,7,6,5
AA,node_6,event,1,7,6,6
AA,node_7,event,1,7,6,6
AA,node_8,event,1,7,6,5
AA,node_9,event,1,7,6,6
AA,node_10,event,1,7,6,5
AA,node_11,event,1,7,6,5
AA,node_12,event,1,7,6,5
AA,node_13,event,1,6,7,5
AA,node_14,event,1,7,6,5
AA,node_15,event,1,7,6,5
AA,node_16,event,1,7,6,5
AA,node_17,event,1,7,7,5
AA,node_18,event,1,7,6,5
AA,node_19,chat,1,7,6,5
AA,node_20,event,1,7,6,5
AA,node_21,event,1,7,6,5
AA,node_22,event,1,7,6,5
AA,node_23,event,9,7,6,5
AA,node_24,event,1,7,6,5
AA,node_25,event,1,7,6,5
AA,node_26,event,1,7,6,5
AA,node_27,event,1,7,6,5
AA,node_28,event,9,7,6,5
AA,node_29,event,1,7,6,5
AA,node_30,chat,1,7,6,5
AA,node_31,event,1,7,6,5
AA,node_32,event,1,7,7,5
AA,node_33,thought,1,7,7,5
AA,node_34,thought,1,7,6,5
AA,node_35,thought,1,7,7,5
AA,node_36,thought,1,7,6,5
AA,node_37,thought,1,7,6,5
AA,node_38,thought,1,7,7,5
AA,node_39,thought,1,7,7,5
AA,node_40,thought,1,6,6,5
AA,node_41,thought,1,7,7,5
AA,node_42,thought,1,7,6,5
AA,node_43,thought,1,7,6,5
AA,node_44,thought,1,7,6,5
AA,node_45,thought,1,7,7,5
AA,node_46,thought,1,6,6,5
AA,node_47,thought,1,7,7,5
AA,node_48,thought,1,7,6,5
AA,node_49,thought,9,7,7,5
AA,node_50,event,1,7,7,5
AA,node_51,event,1,7,6,5
AA,node_52,event,1,7,6,5
AA,node_53,event,1,7,6,5
AA,node_54,event,1,7,6,5
AA,node_55,event,1,7,6,5
AA,node_56,event,1,7,6,5
AA,node_57,event,1,7,7,5
AA,node_58,event,9,6,6,5
AA,node_59,event,1,7,6,5
AA,node_60,event,1,7,7,5
AA,node_61,event,1,6,7,5
AA,node_62,event,1,7,6,5
AA,node_63,event,1,7,6,5
AA,node_64,event,1,7,7,5
AA,node_65,event,1,7,6,5
AA,node_66,event,1,7,7,5
AA,node_67,event,1,7,6,5
AA,node_68,event,1,7,6,5
AA,node_69,event,1,7,6,5
AA,node_70,event,1,7,7,5
AA,node_71,event,1,7,6,5
AA,node_72,chat,1,7,6,5
AA,node_73,event,1,7,7,5
AA,node_74,event,1,7,6,5
AA,node_75,event,1,7,7,5
AA,node_76,event,1,7,6,5
AA,node_77,event,1,6,6,5
AA,node_78,event,1,7,6,5
AA,node_79,chat,1,7,6,5
AA,node_80,event,1,7,7,5
AA,node_81,thought,1,6,6,5
AA,node_82,thought,1,7,6,5
AA,node_83,thought,1,7,7,5
AA,node_84,thought,1,7,6,5
AA,node_85,thought,1,7,6,5
AA,node_86,thought,1,7,6,5
AA,node_87,thought,1,7,6,5
AA,node_88,thought,9,7,6,5
AA,node_89,thought,1,7,6,5
AA,node_90,thought,1,7,6,5
AA,node_91,thought,1,7,6,5
AA,node_92,thought,1,7,6,5
AA,node_93,thought,1,6,6,5
AA,node_94,thought,9,7,6,5
AA,node_95,thought,1,7,6,5
AA,node_96,thought,1,7,6,5
AA,node_97,thought,1,7,6,5
AA,node_98,chat,1,6,6,5
AA,node_99,thought,1,6,6,5
AA,node_100,thought,1,7,6,5
AA,node_101,thought,1,7,7,5
AA,node_102,thought,1,7,6,5
AA,node_103,thought,1,7,6,5
AA,node_104,thought,1,7,7,5
AA,node_105,thought,1,7,7,5
AA,node_106,thought,1,7,6,5
AA,node_107,thought,1,7,6,5
AA,node_108,thought,1,7,6,5
AA,node_109,thought,1,6,6,5
AA,node_110,thought,1,7,6,5
AA,node_111,thought,1,7,6,5
AA,node_112,thought,1,7,6,5
AA,node_113,thought,1,6,7,5
AA,node_114,thought,1,7,7,5
AA,node_115,thought,1,7,7,5
AA,node_116,chat,1,7,6,5
AA,node_117,event,1,7,6,5
AA,node_118,event,1,7,6,5
AA,node_119,event,1,7,6,5
AA,node_120,event,9,7,6,5
AA,node_121,event,1,7,6,5
AA,node_122,event,1,6,6,5
AA,node_123,event,1,7,6,5
AA,node_124,event,1,7,6,5
AA,node_125,event,1,7,6,5
AA,node_126,event,1,7,6,5
AA,node_127,chat,1,7,6,5
AA,node_128,event,1,7,7,5
AA,node_129,event,1,7,7,5
AA,node_130,event,1,7,7,5
AA,node_131,event,1,7,6,5
AA,node_132,event,1,7,6,5
AA,node_133,event,1,7,6,5
AA,node_134,event,1,7,6,5
AA,node_135,event,9,7,7,5
AA,node_141,event,1,7,7,6
AA,node_142,event,1,7,7,6
AA,node_152,event,1,7,7,6
AA,node_153,event,1,7,7,5
BB,node_0,thought,9,7,8,7
BB,node_1,event,9,7,8,7
BB,node_2,event,9,7,8,7
BB,node_3,event,9,7,8,7
BB,node_4,event,9,8,8,7
BB,node_5,event,9,7,8,7
BB,node_6,event,9,7,8,7
BB,node_7,event,9,8,8,7
BB,node_8,event,9,8,8,7
BB,node_9,event,9,8,8,7
BB,node_10,event,2,7,8,7
BB,node_11,chat,2,8,8,6
BB,node_12,event,9,7,8,7
BB,node_13,event,9,8,8,7
BB,node_14,event,9,8,8,7
BB,node_15,event,9,7,8,7
BB,node_16,event,9,8,8,7
BB,node_17,event,2,7,8,7
BB,node_18,event,2,8,8,7
BB,node_19,event,2,7,8,7
BB,node_20,event,2,7,8,7
BB,node_21,event,2,8,8,7
BB,node_22,event,9,7,8,6
BB,node_23,event,2,8,8,7
BB,node_24,event,2,7,8,6
BB,node_25,chat,9,7,8,7
BB,node_26,event,2,8,8,6
BB,node_27,thought,9,7,8,7
BB,node_28,thought,9,8,8,7
BB,node_29,thought,9,7,8,7
BB,node_30,thought,9,8,8,7
BB,node_31,thought,9,8,8,7
BB,node_32,thought,9,8,8,7
BB,node_33,thought,9,7,8,7
BB,node_34,thought,9,8,8,7
BB,node_35,thought,9,8,8,7
BB,node_36,thought,9,7,8,7
BB,node_37,thought,2,8,8,7
BB,node_38,thought,9,8,8,7
BB,node_39,thought,2,7,8,7
BB,node_40,thought,9,8,8,7
BB,node_41,thought,9,7,8,7
BB,node_42,thought,9,7,8,7
BB,node_43,thought,2,8,8,7
BB,node_44,event,9,8,8,7
BB,node_45,event,9,8,8,7
BB,node_46,event,9,7,8,7
BB,node_47,event,2,8,8,7
BB,node_48,event,9,8,8,7
BB,node_49,event,9,8,8,7
BB,node_50,event,9,7,8,7
BB,node_51,event,2,8,8,7
BB,node_52,event,9,8,8,7
BB,node_53,event,9,8,8,6
BB,node_54,event,9,8,8,7
BB,node_55,event,9,7,8,7
BB,node_56,event,9,8,8,7
BB,node_57,event,9,8,8,7
BB,node_58,event,9,7,8,7
BB,node_59,event,9,8,8,7
BB,node_60,event,2,7,8,7
BB,node_61,event,9,7,8,7
BB,node_62,event,9,8,8,7
BB,node_63,event,9,8,8,7
BB,node_64,event,2,8,8,7
BB,node_65,event,9,8,8,7
BB,node_66,event,9,7,8,7
BB,node_67,event,9,8,8,7
BB,node_68,event,9,8,8,7
BB,node_69,event,9,7,8,7
BB,node_70,chat,9,7,8,7
BB,node_71,event,9,7,8,7
BB,node_72,event,9,7,8,7
BB,node_73,event,2,7,8,7
BB,node_74,event,9,7,8,7
BB,node_75,event,9,8,8,7
BB,node_76,event,9,7,8,7
BB,node_77,thought,9,7,8,7
BB,node_78,thought,9,7,8,7
BB,node_79,thought,9,8,8,7
BB,node_80,thought,9,8,8,7
BB,node_81,thought,9,8,8,7
BB,node_82,thought,9,8,8,7
BB,node_83,thought,9,7,8,7
BB,node_84,thought,9,8,8,7
BB,node_85,thought,9,7,8,6
BB,node_86,thought,9,8,8,7
BB,node_87,thought,9,7,8,7
BB,node_88,thought,9,7,8,7
BB,node_89,thought,9,8,8,7
BB,node_90,thought,9,7,8,7
BB,node_91,thought,9,8,8,7
BB,node_92,thought,9,7,8,7
BB,node_93,thought,2,8,8,7
BB,node_94,event,9,8,8,7
BB,node_95,event,9,7,8,7
BB,node_96,event,9,7,8,7
BB,node_97,event,9,8,8,7
BB,node_98,event,9,7,8,7
BB,node_99,event,9,7,8,7
BB,node_100,event,9,8,8,7
BB,node_101,event,9,8,8,7
BB,node_102,event,2,7,8,7
BB,node_103,event,9,7,8,7
BB,node_104,event,9,8,8,7
BB,node_105,event,9,8,8,7
CC,node_0,thought,9,7,7,6
CC,node_1,chat,9,7,8,6
CC,node_2,event,9,7,7,6
CC,node_3,event,9,6,7,6
CC,node_4,event,9,7,7,5
CC,node_5,event,9,7,8,5
CC,node_6,event,9,7,8,6
CC,node_7,event,9,7,7,6
CC,node_8,chat,9,7,7,6
CC,node_9,event,9,7,8,6
CC,node_10,event,9,7,7,6
CC,node_11,event,9,7,7,6
CC,node_12,event,9,7,7,6
CC,node_13,event,9,7,7,6
CC,node_14,event,9,7,6,6
CC,node_15,event,9,7,7,6
CC,node_16,event,9,7,7,6
CC,node_17,event,9,7,7,6
CC,node_18,event,9,7,7,6
CC,node_19,event,9,7,7,6
CC,node_20,event,9,7,7,6
CC,node_21,event,9,7,7,6
CC,node_22,event,9,7,7,6
CC,node_23,chat,9,7,7,6
CC,node_24,event,9,7,7,6
CC,node_25,event,9,7,7,6
CC,node_26,event,9,7,7,6
CC,node_27,thought,9,7,7,6
CC,node_28,thought,9,7,7,6
CC,node_29,thought,9,7,7,6
CC,node_30,thought,9,7,7,6
CC,node_31,thought,9,7,7,6
CC,node_32,thought,9,7,7,6
CC,node_33,thought,9,7,7,6
CC,node_34,thought,9,7,7,6
CC,node_35,thought,9,7,7,6
CC,node_36,thought,9,7,7,6
CC,node_37,thought,9,7,7,6
CC,node_38,thought,9,7,7,6
CC,node_39,thought,9,7,7,6
CC,node_40,thought,9,7,7,6
CC,node_41,thought,9,7,7,5
CC,node_42,thought,9,7,7,6
CC,node_43,thought,9,7,7,6
CC,node_44,event,9,7,7,6
CC,node_45,event,9,7,7,6
CC,node_46,event,9,7,7,5
CC,node_47,event,9,7,7,6
CC,node_48,event,9,7,7,6
CC,node_49,chat,9,7,7,6
CC,node_50,event,9,7,7,6
CC,node_51,event,9,7,7,6
CC,node_52,event,9,7,7,5
CC,node_53,event,9,7,7,6
CC,node_54,event,9,7,8,6
CC,node_55,event,9,7,7,6
CC,node_56,event,9,7,7,6
CC,node_57,event,9,7,7,5
CC,node_58,event,9,7,7,6
CC,node_59,event,9,7,7,6
CC,node_60,event,9,7,7,6
CC,node_61,event,9,7,7,6
CC,node_62,event,9,7,7,5
CC,node_63,event,9,7,7,5
CC,node_64,event,9,7,7,6
CC,node_65,event,9,7,7,6
CC,node_66,event,9,7,7,6
CC,node_67,event,9,7,7,6
CC,node_68,event,9,7,8,6
CC,node_69,event,9,7,7,6
CC,node_70,event,9,7,7,6
CC,node_71,chat,9,7,7,5
CC,node_72,thought,9,7,7,6
CC,node_73,thought,9,7,7,5
CC,node_74,thought,9,7,7,6
CC,node_75,thought,9,7,7,6
CC,node_76,thought,9,7,7,6
CC,node_77,thought,9,7,7,6
CC,node_78,thought,9,7,7,5
CC,node_79,thought,9,7,8,5
CC,node_80,thought,9,7,7,6
CC,node_81,thought,9,7,7,6
CC,node_82,thought,9,7,8,6
CC,node_83,thought,9,7,7,5
CC,node_84,thought,9,7,7,5
CC,node_85,thought,9,7,7,6
CC,node_86,thought,9,7,7,6
CC,node_87,thought,9,7,8,6
CC,node_88,thought,9,7,7,6
DD,node_0,thought,9,6,7,5
DD,node_1,event,9,6,7,5
DD,node_2,event,9,5,7,5
DD,node_3,event,9,6,7,5
DD,node_4,event,9,6,7,5
DD,node_5,event,9,6,7,5
DD,node_6,event,9,5,7,5
DD,node_7,event,9,5,7,5
DD,node_8,chat,9,6,7,5
DD,node_9,event,9,5,7,5
DD,node_10,event,9,5,7,5
DD,node_11,event,9,6,7,5
DD,node_12,event,9,5,7,6
DD,node_13,event,9,6,7,5
DD,node_14,event,9,6,7,5
DD,node_15,event,9,5,7,5
DD,node_16,event,9,6,7,5
DD,node_17,event,9,5,7,5
DD,node_18,event,9,6,7,5
DD,node_19,event,9,6,6,5
DD,node_20,event,9,6,7,5
DD,node_21,event,9,6,7,5
DD,node_22,event,9,6,7,5
DD,node_23,event,9,6,7,5
DD,node_24,event,9,5,7,5
DD,node_25,event,9,5,7,5
DD,node_26,event,9,6,7,5
DD,node_27,event,9,5,7,5
DD,node_28,event,9,6,7,5
DD,node_29,event,9,5,7,5
DD,node_30,event,9,5,7,5
DD,node_31,event,9,6,7,5
DD,node_32,event,9,6,7,5
DD,node_33,event,9,5,6,6
DD,node_34,event,9,6,7,5
DD,node_35,thought,9,6,7,5
DD,node_36,thought,9,5,7,5
DD,node_37,thought,9,5,6,5
DD,node_38,thought,9,5,7,5
DD,node_39,thought,9,6,7,5
DD,node_40,thought,9,6,7,5
DD,node_41,thought,9,6,7,5
DD,node_42,thought,9,5,6,6
DD,node_43,thought,9,6,7,5
DD,node_44,thought,9,5,6,5
DD,node_45,thought,9,5,7,5
DD,node_46,thought,9,6,7,5
DD,node_47,thought,9,6,7,5
DD,node_48,thought,9,5,7,5
DD,node_49,thought,9,6,6,5
DD,node_50,thought,9,5,6,5
DD,node_51,thought,9,6,7,5
DD,node_52,event,9,5,7,5
DD,node_53,event,9,5,7,5
DD,node_54,event,9,5,7,5
DD,node_55,event,9,5,6,5
DD,node_56,chat,9,5,6,5
DD,node_57,event,9,6,7,5
DD,node_58,event,9,5,6,5
DD,node_59,event,9,6,7,5
DD,node_60,event,9,5,7,5
DD,node_61,event,9,5,7,5
DD,node_62,event,9,5,7,5
DD,node_63,event,9,6,7,5
DD,node_64,event,9,6,6,5
DD,node_65,event,9,6,6,5
DD,node_66,event,9,6,7,5
DD,node_67,event,9,6,6,6
DD,node_68,chat,9,6,7,5
DD,node_69,event,9,6,7,5
DD,node_70,event,9,6,7,5
DD,node_71,event,9,6,7,5
DD,node_72,event,9,6,7,5
DD,node_73,event,9,5,7,5
DD,node_74,event,9,6,7,5
DD,node_75,event,9,6,7,5
DD,node_76,event,9,5,7,5
DD,node_77,event,9,6,7,5
DD,node_78,event,9,6,7,5
DD,node_79,event,9,6,7,5
DD,node_80,event,9,6,7,5
DD,node_81,event,9,6,7,5
DD,node_82,event,9,6,7,5
DD,node_83,event,9,6,7,5
DD,node_84,event,9,5,7,5
DD,node_85,thought,9,5,7,5
DD,node_86,thought,9,6,7,6
DD,node_87,thought,9,6,7,5
DD,node_88,thought,9,6,6,5
DD,node_89,thought,9,6,7,5
DD,node_90,thought,9,5,6,6
DD,node_91,thought,9,5,7,5
DD,node_92,thought,9,6,7,5
DD,node_93,thought,9,6,7,5
DD,node_94,thought,9,6,7,5
DD,node_95,thought,9,6,7,5
DD,node_96,thought,9,5,6,6
DD,node_97,thought,9,5,7,5
DD,node_98,thought,9,6,7,5
DD,node_99,thought,9,6,7,5
DD,node_100,thought,9,6,7,5
DD,node_101,thought,9,6,7,5
DD,node_102,event,9,6,6,6
DD,node_103,event,9,6,7,5
DD,node_104,event,9,6,7,5
DD,node_105,event,9,6,7,5
DD,node_106,event,9,5,7,5
DD,node_107,event,9,5,7,5
DD,node_108,event,9,6,7,5
DD,node_109,event,9,6,6,5
DD,node_110,event,9,6,6,5
DD,node_111,event,9,6,7,5
DD,node_112,event,9,6,7,5
DD,node_113,event,9,6,7,5
DD,node_131,event,9,5,7,7
DD,node_132,event,1,6,7,6
DD,node_144,event,1,5,7,7
DD,node_145,event,1,6,7,6
EE,node_0,thought,9,5,5,5
EE,node_1,event,9,6,6,5
EE,node_2,event,9,5,5,5
EE,node_3,event,9,6,5,5
EE,node_4,event,9,5,5,5
EE,node_5,event,9,5,5,5
EE,node_6,event,9,5,6,5
EE,node_7,event,9,6,5,5
EE,node_8,event,9,5,5,5
EE,node_9,event,9,5,5,5
EE,node_10,chat,9,5,5,5
EE,node_11,event,9,5,5,5
EE,node_12,event,9,5,5,5
EE,node_13,event,9,5,5,5
EE,node_14,event,9,6,5,5
EE,node_15,event,9,5,5,5
EE,node_16,event,9,5,5,5
EE,node_17,event,9,5,5,5
EE,node_18,event,9,5,6,5
EE,node_19,event,9,5,6,5
EE,node_20,event,9,5,5,5
EE,node_21,event,9,5,5,5
EE,node_22,event,9,5,5,5
EE,node_23,event,9,5,6,5
EE,node_24,event,9,5,5,5
EE,node_25,event,9,5,5,5
EE,node_26,event,9,5,5,5
EE,node_27,event,9,5,6,5
EE,node_28,event,9,6,5,5
EE,node_29,event,9,5,5,5
EE,node_30,event,9,5,5,5
EE,node_31,event,9,5,5,5
EE,node_32,event,9,5,5,5
EE,node_33,thought,9,5,5,5
EE,node_34,thought,9,5,5,5
EE,node_35,thought,9,5,5,5
EE,node_36,thought,9,6,5,5
EE,node_37,thought,9,5,5,5
EE,node_38,thought,9,5,5,5
EE,node_39,thought,9,6,5,5
EE,node_40,thought,9,5,5,5
EE,node_41,thought,9,6,5,5
EE,node_42,thought,9,6,5,5
EE,node_43,thought,9,5,5,5
EE,node_44,thought,9,5,5,5
EE,node_45,thought,9,6,5,5
EE,node_46,thought,9,5,5,5
EE,node_47,thought,9,5,5,5
EE,node_48,thought,9,5,5,5
EE,node_49,thought,9,5,5,5
EE,node_50,event,9,5,5,4
EE,node_51,event,9,5,5,5
EE,node_52,event,9,5,5,5
EE,node_53,event,9,5,5,5
EE,node_54,event,9,5,5,5
EE,node_55,event,9,5,5,5
EE,node_56,event,9,5,5,5
EE,node_57,event,9,5,5,5
EE,node_58,event,9,6,5,5
EE,node_59,event,9,6,5,5
EE,node_60,event,9,6,5,5
EE,node_61,event,9,6,5,5
EE,node_62,event,9,6,5,5
EE,node_63,event,9,6,5,5
EE,node_64,event,9,5,5,5
EE,node_65,event,9,5,5,5
EE,node_66,event,9,6,5,5
EE,node_67,event,9,5,5,5
EE,node_68,event,9,5,5,5
EE,node_69,event,9,6,5,5
EE,node_70,event,9,5,5,5
EE,node_71,event,9,6,5,5
EE,node_72,event,9,6,5,5
EE,node_73,event,9,6,5,5
EE,node_74,event,9,6,5,5
EE,node_75,event,9,5,5,5
EE,node_76,event,9,5,5,5
EE,node_77,event,9,5,5,5
EE,node_78,thought,9,5,5,5
EE,node_79,thought,9,6,6,5
EE,node_80,thought,9,5,5,5
EE,node_81,thought,9,5,5,5
EE,node_82,thought,9,6,5,5
EE,node_83,thought,9,5,5,5
EE,node_84,thought,9,5,5,5
EE,node_85,thought,9,6,5,5
EE,node_86,thought,9,5,5,5
EE,node_87,thought,9,5,5,5
EE,node_88,thought,9,6,5,5
EE,node_89,thought,9,6,6,5
EE,node_90,thought,9,6,5,5
EE,node_91,thought,9,6,5,5
EE,node_92,thought,9,5,5,5
EE,node_93,event,9,5,5,5
EE,node_94,event,9,5,5,5
EE,node_95,event,9,5,5,5
EE,node_96,event,9,5,5,5
EE,node_97,event,9,5,5,5
EE,node_98,event,9,6,6,5
EE,node_99,event,9,6,5,5
EE,node_100,event,9,5,5,5
EE,node_101,event,9,6,5,5
EE,node_102,event,9,5,5,5
EE,node_103,event,9,6,5,5
EE,node_104,event,9,5,5,5
EE,node_105,event,9,6,5,5
EE,node_106,event,9,5,5,5
EE,node_107,event,9,5,5,5
EE,node_108,event,9,6,5,5
EE,node_109,event,9,5,5,5
EE,node_110,chat,9,5,5,5
EE,node_111,event,9,5,5,5
EE,node_112,event,9,5,5,5
EE,node_113,event,9,5,5,5
EE,node_114,event,9,5,5,5
EE,node_115,event,9,6,5,5
EE,node_116,event,9,6,5,5
EE,node_117,event,9,5,5,5
EE,node_118,event,9,6,5,5
EE,node_119,event,9,6,5,5
EE,node_120,event,9,5,5,5
EE,node_121,event,9,5,5,5
EE,node_122,event,9,5,5,5
EE,node_123,event,9,6,5,5
EE,node_124,event,9,5,5,5
EE,node_125,thought,9,6,5,5
EE,node_126,thought,9,5,5,5
EE,node_127,thought,9,6,5,5
EE,node_128,thought,9,5,5,5
EE,node_129,thought,9,5,5,5
EE,node_130,thought,9,6,5,5
EE,node_131,thought,9,6,5,5
EE,node_132,thought,9,6,5,5
EE,node_133,thought,9,5,5,5
EE,node_134,thought,9,5,5,5
EE,node_135,thought,9,5,5,5
EE,node_136,thought,9,5,5,5
EE,node_137,thought,9,5,5,5
EE,node_138,thought,9,6,5,5
EE,node_139,thought,9,5,5,5
EE,node_140,thought,9,6,5,5
EE,node_141,thought,9,5,5,5
EE,node_142,event,9,5,5,5
EE,node_143,event,9,5,5,5
EE,node_144,event,9,5,6,5
EE,node_145,event,9,6,5,5
EE,node_146,event,9,5,5,5
EE,node_147,event,9,6,5,5
EE,node_148,event,9,5,5,5
EE,node_149,event,9,5,5,5
EE,node_150,event,9,5,5,5
EE,node_151,event,9,5,5,5
EE,node_152,event,9,5,5,5
EE,node_153,event,9,5,5,5
EE,node_154,event,9,5,5,5
EE,node_155,event,9,5,5,5
EE,node_156,event,9,5,5,5
EE,node_157,event,9,5,5,5
EE,node_179,event,9,6,6,5
EE,node_180,event,1,5,6,5
EE,node_199,event,1,6,5,5
EE,node_200,event,1,6,6,5
EE,node_201,event,1,5,6,5
EE,node_202,event,1,5,6,5
EE,node_203,event,1,5,6,5
EE,node_204,event,1,5,5,5
EE,node_205,event,1,5,6,5
EE,node_206,event,1,5,6,5
EE,node_207,event,1,5,6,5
FF,node_0,thought,9,8,8,6
FF,node_1,event,9,8,8,6
FF,node_2,event,9,8,8,6
FF,node_3,event,9,8,8,6
FF,node_4,event,9,8,7,6
FF,node_5,event,9,8,8,6
FF,node_6,event,9,8,8,7
FF,node_7,event,9,8,8,5
FF,node_8,event,9,8,8,6
FF,node_9,chat,9,8,8,6
FF,node_10,event,9,8,8,6
FF,node_11,event,9,8,8,6
FF,node_12,event,9,8,8,6
FF,node_13,event,9,8,8,7
FF,node_14,event,9,8,7,6
FF,node_15,event,9,8,8,6
FF,node_16,event,9,8,7,6
FF,node_17,event,9,8,8,5
FF,node_18,event,9,8,7,6
FF,node_19,event,9,8,8,6
FF,node_20,event,9,8,8,6
FF,node_21,event,9,8,8,6
FF,node_22,event,9,8,8,6
FF,node_23,event,9,8,8,6
FF,node_24,event,9,8,8,6
FF,node_25,event,9,8,8,6
FF,node_26,event,9,8,7,6
FF,node_27,event,9,8,8,6
FF,node_28,event,9,8,8,6
FF,node_29,thought,9,8,8,6
FF,node_30,thought,9,8,8,6
FF,node_31,thought,9,8,8,6
FF,node_32,thought,9,8,8,6
FF,node_33,thought,9,8,8,5
FF,node_34,thought,9,8,8,6
FF,node_35,thought,9,8,8,6
FF,node_36,thought,9,8,8,6
FF,node_37,thought,9,8,8,7
FF,node_38,thought,9,8,8,6
FF,node_39,thought,9,8,8,6
FF,node_40,thought,9,8,8,7
FF,node_41,thought,9,8,8,6
FF,node_42,thought,9,8,8,6
FF,node_43,thought,9,8,8,6
FF,node_44,thought,9,8,8,6
FF,node_45,thought,9,8,8,6
FF,node_46,event,9,8,8,6
FF,node_47,event,9,8,8,6
FF,node_48,event,9,8,8,6
FF,node_49,chat,9,8,8,6
FF,node_50,event,9,8,8,6
FF,node_51,event,9,8,8,6
FF,node_52,event,9,8,8,6
FF,node_53,event,9,8,8,6
FF,node_54,event,9,8,8,6
FF,node_55,event,9,8,8,5
FF,node_56,event,9,8,7,7
FF,node_57,event,9,8,8,7
FF,node_58,event,9,8,8,7
FF,node_59,event,9,8,8,5
FF,node_60,event,9,8,8,6
FF,node_61,event,9,8,8,6
FF,node_62,event,9,8,8,6
FF,node_63,event,9,8,8,6
FF,node_64,event,9,8,7,6
FF,node_65,event,9,8,8,7
FF,node_66,chat,9,8,8,6
FF,node_67,event,9,8,8,6
FF,node_68,chat,9,8,7,6
FF,node_69,event,9,8,8,6
FF,node_70,thought,9,8,8,6
FF,node_71,thought,9,8,8,6
FF,node_72,thought,9,8,8,6
FF,node_73,thought,9,8,8,6
FF,node_74,thought,9,8,8,7
FF,node_75,thought,9,8,8,7
FF,node_76,thought,9,8,8,6
FF,node_77,thought,9,8,7,5
FF,node_78,thought,9,8,8,6
FF,node_79,thought,9,8,8,6
FF,node_80,thought,9,8,8,6
FF,node_81,thought,9,8,8,6
FF,node_82,thought,9,8,8,6
FF,node_83,thought,9,8,8,6
FF,node_84,thought,9,8,8,6
FF,node_85,thought,9,8,8,6
FF,node_86,thought,9,8,8,6
FF,node_87,event,9,8,8,6
FF,node_88,event,9,8,8,6
FF,node_89,event,9,8,8,5
FF,node_90,event,9,8,8,6
FF,node_91,event,9,8,8,6
FF,node_92,chat,9,8,8,7
FF,node_93,event,9,8,8,6
FF,node_94,event,9,8,8,6
FF,node_95,event,9,8,8,6
FF,node_96,event,9,8,8,6
FF,node_97,event,9,8,8,6
FF,node_98,event,9,8,7,6
FF,node_99,event,9,8,8,6
FF,node_100,event,9,8,8,6
FF,node_101,event,9,8,8,6
FF,node_102,chat,9,8,8,6
FF,node_103,event,9,8,8,6
FF,node_104,event,9,8,8,6
FF,node_105,event,9,8,8,6
FF,node_106,event,9,8,8,6
FF,node_107,event,9,8,8,6
FF,node_108,event,9,8,8,6
FF,node_109,event,9,8,8,5
FF,node_110,event,9,8,8,6
FF,node_111,event,9,8,8,6
FF,node_112,event,9,8,8,6
FF,node_113,event,9,8,8,6
FF,node_114,thought,9,8,8,6
FF,node_115,thought,9,8,8,6
FF,node_116,thought,9,8,7,6
FF,node_117,thought,9,8,8,6
FF,node_118,thought,9,8,8,7
FF,node_119,thought,9,8,7,7
FF,node_120,thought,9,8,7,6
FF,node_121,thought,9,8,7,7
FF,node_122,thought,9,8,7,6
FF,node_123,thought,9,8,8,6
FF,node_124,thought,9,8,8,6
FF,node_125,thought,9,8,7,6
FF,node_126,thought,9,8,8,6
FF,node_127,thought,9,8,7,7
FF,node_128,thought,9,8,8,7
FF,node_129,thought,9,8,8,6
FF,node_130,thought,9,8,7,7
FF,node_131,event,9,8,8,6
FF,node_132,event,9,8,7,6
FF,node_133,event,9,8,8,6
GG,node_0,thought,9,6,7,5
GG,node_1,event,9,6,7,5
GG,node_2,event,9,6,7,5
GG,node_3,event,9,6,6,6
GG,node_4,event,9,5,7,5
GG,node_5,event,9,6,7,5
GG,node_6,event,9,6,7,5
GG,node_7,event,9,6,7,5
GG,node_8,event,9,6,6,5
GG,node_9,event,9,5,7,6
GG,node_10,event,9,6,7,5
GG,node_11,event,9,6,7,6
GG,node_12,event,9,6,7,5
GG,node_13,event,9,6,7,5
GG,node_14,event,9,6,7,5
GG,node_15,event,9,6,7,6
GG,node_16,event,9,6,7,5
GG,node_17,event,9,6,7,5
GG,node_18,event,9,6,7,5
GG,node_19,event,9,6,7,5
GG,node_20,event,9,6,7,5
GG,node_21,event,9,6,7,5
GG,node_22,event,9,6,7,5
GG,node_23,event,9,6,7,5
GG,node_24,event,9,6,7,5
GG,node_25,event,9,6,7,5
GG,node_26,event,9,6,7,5
GG,node_27,event,9,6,6,6
GG,node_28,event,9,6,7,5
GG,node_29,event,9,5,7,5
GG,node_30,event,9,6,7,6
GG,node_31,event,9,6,7,5
GG,node_32,event,9,6,7,6
GG,node_33,event,9,6,7,5
GG,node_34,thought,9,6,7,6
GG,node_35,thought,9,5,7,5
GG,node_36,thought,9,6,7,5
GG,node_37,thought,9,6,7,5
GG,node_38,thought,9,6,7,5
GG,node_39,thought,9,6,7,5
GG,node_40,thought,9,6,7,5
GG,node_41,thought,9,6,7,5
GG,node_42,thought,9,6,7,5
GG,node_43,thought,9,6,6,5
GG,node_44,thought,9,6,7,5
GG,node_45,thought,9,6,7,5
GG,node_46,thought,9,6,7,5
GG,node_47,thought,9,6,7,6
GG,node_48,thought,9,6,7,5
GG,node_49,event,9,6,6,6
GG,node_50,event,9,6,7,5
GG,node_51,event,9,6,7,5
GG,node_52,event,9,6,7,5
GG,node_53,event,9,6,7,5
GG,node_54,event,9,6,7,5
GG,node_55,event,9,5,7,5
GG,node_56,event,9,5,6,5
GG,node_57,event,9,5,7,6
GG,node_58,event,9,6,7,5
GG,node_59,event,9,6,7,5
GG,node_60,event,9,6,7,6
GG,node_61,event,9,6,7,6
GG,node_62,event,9,6,7,5
GG,node_63,event,9,5,7,6
GG,node_64,event,9,6,7,5
GG,node_65,event,9,6,7,5
GG,node_66,event,9,6,7,6
GG,node_67,event,9,6,7,5
GG,node_68,event,9,5,7,5
GG,node_69,event,9,6,7,5
GG,node_70,event,9,6,7,5
GG,node_71,event,9,6,7,5
GG,node_72,event,9,5,7,5
GG,node_73,event,9,6,7,5
GG,node_74,event,9,5,7,5
GG,node_75,event,9,6,7,5
GG,node_76,event,9,6,7,6
GG,node_77,event,9,6,7,5
GG,node_78,event,9,6,7,6
GG,node_79,event,9,6,7,5
GG,node_80,thought,9,5,7,6
GG,node_81,thought,9,6,7,6
GG,node_82,thought,9,6,7,5
GG,node_83,thought,9,5,7,6
GG,node_84,thought,9,5,7,5
GG,node_85,thought,9,6,7,6
GG,node_86,thought,9,6,7,6
GG,node_87,thought,9,6,7,5
GG,node_88,thought,9,5,6,5
GG,node_89,thought,9,6,7,5
GG,node_90,thought,9,6,7,5
GG,node_91,thought,9,6,7,6
GG,node_92,thought,9,5,7,6
GG,node_93,thought,9,6,7,6
GG,node_94,thought,9,5,7,5
GG,node_95,event,9,6,7,5
GG,node_96,event,9,6,7,5
GG,node_97,event,9,6,7,5
GG,node_98,chat,9,6,7,6
GG,node_99,event,9,5,7,5
GG,node_100,event,9,6,7,5
GG,node_101,event,9,6,7,5
GG,node_102,event,9,6,7,5
GG,node_103,event,9,6,7,5
GG,node_104,event,9,6,7,5
GG,node_105,event,9,6,7,5
GG,node_106,event,9,6,7,5
GG,node_107,event,9,6,7,5
GG,node_108,event,9,6,7,5
GG,node_109,event,9,6,7,5
GG,node_110,event,9,5,7,6
GG,node_111,event,9,6,7,5
GG,node_112,event,9,6,7,6
GG,node_113,event,9,6,7,5
GG,node_114,event,9,6,7,6
GG,node_115,event,9,6,7,6
GG,node_116,event,9,5,7,5
GG,node_117,event,9,6,7,5
GG,node_118,event,9,6,7,5
GG,node_119,event,9,6,7,6
GG,node_120,event,9,5,7,5
GG,node_121,event,9,6,7,5
GG,node_122,event,9,6,7,6
GG,node_123,event,9,6,7,5
GG,node_124,event,9,6,7,6
GG,node_125,event,9,5,7,5
GG,node_126,event,9,5,7,5
GG,node_127,event,9,6,7,5
GG,node_128,event,9,5,7,5
GG,node_129,event,9,6,7,5
GG,node_130,event,9,6,7,5
GG,node_131,event,9,6,7,5
GG,node_132,event,9,6,7,5
GG,node_133,thought,9,6,7,6
GG,node_134,thought,9,5,7,5
GG,node_135,thought,9,6,7,5
GG,node_136,thought,9,6,7,6
GG,node_137,thought,9,6,7,5
GG,node_138,thought,9,5,7,5
GG,node_139,thought,9,5,7,5
GG,node_140,thought,9,6,7,5
GG,node_141,thought,9,6,7,5
GG,node_142,thought,9,5,7,5
GG,node_143,thought,9,5,7,5
GG,node_144,thought,9,6,7,5
GG,node_145,thought,9,6,7,5
GG,node_146,thought,9,6,7,5
GG,node_147,thought,9,6,7,5
GG,node_148,thought,9,6,7,6
GG,node_149,thought,9,5,7,5
GG,node_150,event,9,5,7,5
GG,node_151,event,9,6,6,5
GG,node_152,event,9,6,7,6
GG,node_153,event,9,5,7,6
GG,node_154,event,9,5,7,5
GG,node_155,event,9,6,7,6
GG,node_182,event,1,6,7,6
GG,node_183,event,1,6,8,6
GG,node_184,event,1,6,7,6
GG,node_185,event,1,6,8,6
GG,node_186,event,1,5,7,7
GG,node_187,event,1,6,7,6
GG,node_188,event,1,5,7,7
GG,node_189,event,1,6,7,7
GG,node_190,event,1,6,7,6
GG,node_191,event,1,5,7,6
GG,node_192,event,1,6,7,7
GG,node_193,event,1,6,7,6
GG,node_194,event,1,5,7,6
GG,node_195,event,1,5,7,6
GG,node_211,event,1,6,7,7
GG,node_212,event,1,6,7,6
GG,node_213,event,1,5,7,6
GG,node_214,event,1,6,7,7
GG,node_215,event,1,6,7,5
GG,node_216,event,1,5,7,6
GG,node_217,event,1,6,7,6
GG,node_218,event,1,6,7,6
HH,node_0,thought,9,6,7,5
HH,node_1,event,9,6,7,5
HH,node_2,event,9,7,6,5
HH,node_3,event,9,5,7,5
HH,node_4,event,9,7,7,5
HH,node_5,event,9,5,7,6
HH,node_6,event,9,6,7,5
HH,node_7,event,9,7,7,5
HH,node_8,event,9,6,6,6
HH,node_9,event,9,6,7,5
HH,node_10,event,9,6,7,5
HH,node_11,event,9,7,7,5
HH,node_12,event,9,6,7,5
HH,node_13,event,9,6,7,5
HH,node_14,event,9,6,7,5
HH,node_15,event,9,7,7,5
HH,node_16,event,9,6,7,5
HH,node_17,event,9,6,7,6
HH,node_18,event,9,6,6,5
HH,node_19,event,9,6,7,5
HH,node_20,event,9,7,7,5
HH,node_21,event,9,5,7,5
HH,node_22,event,9,7,7,6
HH,node_23,event,9,6,6,5
HH,node_24,event,9,6,8,5
HH,node_25,event,9,7,7,5
HH,node_26,event,9,6,7,5
HH,node_27,chat,9,6,7,5
HH,node_28,event,9,5,7,5
HH,node_29,event,9,7,7,5
HH,node_30,event,9,6,7,5
HH,node_31,event,9,6,7,6
HH,node_32,event,9,6,7,5
HH,node_33,event,9,7,7,5
HH,node_34,event,9,6,7,6
HH,node_35,thought,9,7,7,5
HH,node_36,thought,9,6,7,5
HH,node_37,thought,9,6,7,5
HH,node_38,thought,9,7,7,5
HH,node_39,thought,9,6,7,5
HH,node_40,thought,9,6,7,5
HH,node_41,thought,9,6,7,5
HH,node_42,thought,9,6,7,5
HH,node_43,thought,9,7,7,5
HH,node_44,thought,9,6,7,6
HH,node_45,thought,9,6,7,5
HH,node_46,thought,9,7,7,5
HH,node_47,thought,9,7,7,6
HH,node_48,thought,9,6,7,5
HH,node_49,thought,9,6,7,6
HH,node_50,thought,9,6,7,5
HH,node_51,thought,9,7,6,6
HH,node_52,event,9,6,7,5
HH,node_53,event,9,7,7,6
HH,node_54,event,9,7,7,5
HH,node_55,event,9,6,7,5
HH,node_56,event,9,6,7,5
HH,node_57,event,9,6,7,5
HH,node_58,event,9,7,7,5
HH,node_59,event,9,6,7,5
HH,node_60,event,9,6,7,5
HH,node_61,event,9,6,7,5
HH,node_62,event,9,6,7,5
HH,node_63,event,9,7,7,5
HH,node_64,event,9,7,7,5
HH,node_65,chat,9,7,7,5
HH,node_66,event,9,6,7,5
HH,node_67,event,9,7,7,5
HH,node_68,event,9,7,7,5
HH,node_69,event,9,6,7,5
HH,node_70,event,9,6,7,5
HH,node_71,event,9,6,7,6
HH,node_72,event,9,6,7,5
HH,node_73,event,9,6,6,5
HH,node_74,event,9,6,7,5
HH,node_75,event,9,6,7,5
HH,node_76,event,9,7,7,5
HH,node_77,event,9,7,7,5
HH,node_78,event,9,7,7,6
HH,node_79,event,9,7,7,5
HH,node_80,event,9,6,7,5
HH,node_81,event,9,6,7,5
HH,node_82,event,9,7,7,5
HH,node_160,event,1,6,7,7
HH,node_161,event,1,6,8,6
HH,node_162,event,1,6,8,6
HH,node_163,event,1,6,8,7
HH,node_164,event,1,6,7,6
HH,node_165,event,1,6,7,6
HH,node_166,event,1,6,8,7
HH,node_167,event,1,6,7,7
HH,node_168,event,1,7,7,7
HH,node_169,event,1,6,8,7
HH,node_170,event,1,6,8,7
HH,node_171,event,1,7,8,6
HH,node_172,event,1,6,8,6
HH,node_173,event,1,5,8,6
HH,node_174,thought,1,7,8,7
HH,node_175,thought,1,6,8,7
HH,node_176,thought,1,6,8,6
HH,node_177,thought,1,6,8,7
HH,node_178,thought,1,6,7,7
HH,node_179,thought,1,7,8,6
HH,node_180,thought,1,6,7,6
HH,node_181,thought,1,5,8,7
HH,node_182,thought,1,6,7,7
HH,node_183,thought,1,6,8,6
HH,node_184,thought,1,6,7,7
HH,node_185,thought,1,7,8,6
HH,node_186,thought,1,6,8,7
HH,node_187,thought,1,6,8,7
HH,node_188,thought,1,6,8,7
HH,node_189,thought,1,6,8,6
HH,node_190,thought,1,6,7,7
HH,node_208,event,1,6,7,7
HH,node_209,event,1,6,8,7
HH,node_210,event,1,6,8,7
HH,node_211,event,1,6,8,7
HH,node_212,event,1,6,8,6
HH,node_213,event,1,6,7,6
HH,node_214,event,1,6,7,6
HH,node_215,thought,1,6,8,7
HH,node_216,thought,1,6,8,6
HH,node_217,thought,1,6,7,6
HH,node_218,thought,1,6,7,6
HH,node_219,thought,1,5,8,6
HH,node_220,thought,1,6,8,6
HH,node_221,thought,1,6,8,7
HH,node_222,thought,1,6,8,7
HH,node_223,thought,1,6,8,6
HH,node_224,thought,1,7,8,6
HH,node_225,thought,1,6,8,7
HH,node_226,thought,1,6,8,7
HH,node_227,thought,2,6,7,6
HH,node_228,thought,1,6,7,6
HH,node_229,thought,1,6,8,6
HH,node_230,thought,1,6,8,7
HH,node_231,thought,1,6,8,7
HH,node_232,event,1,6,8,6
II,node_0,thought,9,5,5,5
II,node_1,event,9,6,5,5
II,node_2,event,9,5,5,5
II,node_3,event,9,5,5,5
II,node_4,event,9,5,5,5
II,node_5,event,9,6,6,5
II,node_6,event,9,6,5,5
II,node_7,event,9,6,5,5
II,node_8,event,9,6,5,5
II,node_9,event,9,5,5,5
II,node_10,event,9,5,5,5
II,node_11,event,9,6,5,5
II,node_12,event,9,5,5,5
II,node_13,event,9,6,5,5
II,node_14,chat,9,5,6,5
II,node_15,event,9,5,5,5
II,node_16,event,9,5,5,5
II,node_17,event,9,5,5,5
II,node_18,event,9,6,6,5
II,node_19,event,9,6,5,5
II,node_20,event,9,5,6,5
II,node_21,event,9,5,5,5
II,node_22,event,9,5,5,5
II,node_23,event,9,6,5,5
II,node_24,event,9,5,5,5
II,node_25,event,9,5,5,5
II,node_26,event,9,6,5,5
II,node_27,event,9,5,5,5
II,node_28,event,9,5,5,5
II,node_29,event,9,6,5,5
II,node_30,event,9,6,5,5
II,node_31,event,9,5,5,5
II,node_32,event,9,5,6,5
II,node_33,event,9,6,6,5
II,node_34,event,9,6,5,5
II,node_35,thought,9,6,5,5
II,node_36,thought,9,5,5,5
II,node_37,thought,9,6,6,5
II,node_38,thought,9,6,6,5
II,node_39,thought,9,6,5,5
II,node_40,thought,9,5,6,5
II,node_41,thought,9,5,5,5
II,node_42,thought,9,5,6,5
II,node_43,thought,9,6,5,5
II,node_44,thought,9,6,6,5
II,node_45,thought,9,6,5,5
II,node_46,thought,9,6,5,5
II,node_47,thought,9,6,6,5
II,node_48,thought,9,5,6,5
II,node_49,thought,9,5,6,5
II,node_50,thought,9,5,6,5
II,node_51,thought,9,6,6,5
II,node_52,event,9,5,5,5
II,node_53,event,9,5,6,5
II,node_54,event,9,6,6,5
II,node_55,event,9,5,5,5
II,node_56,chat,9,6,6,5
II,node_57,event,9,6,6,5
II,node_58,event,9,6,5,5
II,node_59,event,9,5,5,5
II,node_60,event,9,5,5,5
II,node_61,event,9,5,5,5
II,node_62,event,9,6,5,5
II,node_63,event,9,6,5,5
II,node_64,event,9,5,6,5
II,node_65,event,9,5,6,5
II,node_66,event,9,5,5,5
II,node_67,event,9,5,5,5
II,node_68,event,9,6,5,5
II,node_69,event,9,6,5,5
II,node_70,event,9,5,5,5
II,node_71,chat,9,6,5,5
II,node_72,event,9,5,5,5
II,node_73,event,9,5,5,5
II,node_74,thought,9,6,5,5
II,node_75,thought,9,5,5,5
II,node_76,thought,9,5,6,5
II,node_77,thought,9,6,5,5
II,node_78,thought,9,5,6,5
II,node_79,thought,9,5,5,5
II,node_80,thought,9,6,5,5
II,node_81,thought,9,6,5,5
II,node_82,thought,9,6,6,5
II,node_83,thought,9,6,5,5
II,node_84,thought,9,6,5,5
II,node_85,thought,9,5,5,5
II,node_86,thought,9,5,5,5
II,node_87,thought,9,6,6,5
II,node_88,thought,9,5,5,5
II,node_89,thought,9,6,6,5
II,node_90,thought,9,6,5,5
II,node_91,event,9,6,6,5
II,node_92,event,9,6,5,5
II,node_93,event,9,5,5,5
II,node_94,event,9,5,5,5
II,node_95,event,9,6,6,5
II,node_96,event,9,5,5,5
II,node_97,event,9,5,5,5
II,node_98,event,9,6,6,5
II,node_99,event,9,5,6,5
II,node_100,event,9,5,5,5
II,node_101,event,9,6,5,5
II,node_102,event,9,5,5,5
II,node_103,event,9,6,5,5
II,node_104,event,9,6,5,5
II,node_105,event,9,5,5,5
II,node_106,chat,9,5,6,5
II,node_107,event,9,6,5,5
II,node_108,event,9,5,6,5
II,node_109,event,9,5,5,5
II,node_110,event,9,5,5,5
II,node_111,event,9,5,5,5
II,node_112,event,9,5,5,5
II,node_113,event,9,5,5,5
II,node_114,event,9,5,5,5
II,node_115,event,9,6,5,5
II,node_116,event,9,5,5,5
II,node_117,event,9,5,5,5
II,node_118,event,9,5,5,5
II,node_119,event,9,5,5,5
II,node_120,event,9,5,6,5
II,node_121,event,9,5,5,5
II,node_122,event,9,5,5,5
II,node_123,event,9,5,5,5
II,node_124,thought,9,5,5,5
II,node_125,thought,9,5,5,5
II,node_126,thought,9,6,6,5
II,node_127,thought,9,6,5,5
II,node_128,thought,9,6,6,5
II,node_129,thought,9,5,5,5
II,node_130,thought,9,5,5,5
II,node_131,thought,9,5,5,5
II,node_132,thought,9,6,5,5
II,node_133,thought,9,6,5,5
II,node_134,thought,9,5,5,5
II,node_135,thought,9,6,5,5
II,node_136,thought,9,6,5,5
II,node_137,thought,9,5,5,5
II,node_138,thought,9,5,5,5
II,node_139,thought,9,5,5,5
II,node_140,thought,9,5,5,5
II,node_141,event,9,5,6,5
II,node_142,event,9,6,5,5
II,node_143,event,9,6,5,5
II,node_144,event,9,5,5,5
II,node_145,event,9,5,6,5
II,node_171,event,1,6,5,5
II,node_172,event,1,5,6,5
II,node_173,event,1,5,6,5
II,node_174,event,1,5,6,5
II,node_175,event,1,5,5,5
II,node_176,event,1,5,6,5
II,node_177,event,1,6,6,5
II,node_178,event,1,5,6,5
II,node_179,event,1,6,7,5
II,node_180,event,1,5,6,5
II,node_181,event,1,6,6,5
II,node_182,event,1,5,5,5
II,node_183,event,1,6,6,5
II,node_184,event,1,5,6,5
II,node_185,event,1,5,6,5
II,node_186,event,1,5,6,5
II,node_207,event,1,6,7,5
II,node_208,event,1,6,6,5
II,node_209,event,1,6,6,5
II,node_210,event,1,5,6,5
II,node_211,event,1,5,6,5
II,node_212,event,1,5,6,5
II,node_213,event,1,6,6,6
II,node_214,event,1,6,6,5
II,node_215,event,1,6,7,6
JJ,node_0,thought,9,8,8,6
JJ,node_1,event,9,8,8,7
JJ,node_2,event,9,8,8,7
JJ,node_3,event,9,8,8,7
JJ,node_4,event,9,8,8,6
JJ,node_5,event,9,8,8,7
JJ,node_6,event,9,8,8,6
JJ,node_7,event,9,8,8,7
JJ,node_8,event,9,8,8,7
JJ,node_9,chat,9,8,8,7
JJ,node_10,event,9,8,8,7
JJ,node_11,event,9,8,8,7
JJ,node_12,event,9,8,8,7
JJ,node_13,event,9,8,8,6
JJ,node_14,event,9,8,8,7
JJ,node_15,event,9,8,8,7
JJ,node_16,event,9,8,8,7
JJ,node_17,event,9,8,8,7
JJ,node_18,event,9,8,8,7
JJ,node_19,event,9,8,8,7
JJ,node_20,event,9,8,8,7
JJ,node_21,event,9,8,8,7
JJ,node_22,event,9,8,8,7
JJ,node_23,event,9,8,8,6
JJ,node_24,event,9,8,8,7
JJ,node_25,event,9,8,8,7
JJ,node_26,event,9,8,8,7
JJ,node_27,event,9,8,8,7
JJ,node_28,event,9,8,8,7
JJ,node_29,event,9,8,8,7
JJ,node_30,event,9,8,8,7
JJ,node_31,event,9,8,8,7
JJ,node_32,thought,9,8,8,7
JJ,node_33,thought,9,8,8,7
JJ,node_34,thought,9,8,8,7
JJ,node_35,thought,9,8,8,7
JJ,node_36,thought,9,8,8,7
JJ,node_37,thought,9,8,8,7
JJ,node_38,thought,9,8,8,7
JJ,node_39,thought,9,8,8,7
JJ,node_40,thought,9,8,8,7
JJ,node_41,thought,9,8,8,7
JJ,node_42,thought,9,8,8,7
JJ,node_43,thought,9,8,8,7
JJ,node_44,thought,9,8,8,7
JJ,node_45,thought,9,8,8,7
JJ,node_46,thought,9,8,8,7
JJ,node_47,thought,9,8,8,7
JJ,node_48,thought,9,8,8,7
JJ,node_49,event,9,8,8,7
JJ,node_50,event,9,8,8,6
JJ,node_51,event,9,8,8,7
JJ,node_52,event,9,8,8,7
JJ,node_53,event,9,8,8,7
JJ,node_54,event,9,8,8,6
JJ,node_55,event,9,8,8,7
JJ,node_56,event,9,8,8,6
JJ,node_57,event,9,8,8,6
JJ,node_58,event,9,8,8,6
JJ,node_59,event,9,8,8,6
JJ,node_60,event,9,8,8,7
JJ,node_61,event,9,8,8,6
JJ,node_62,event,9,8,8,6
JJ,node_63,event,9,8,8,7
JJ,node_64,event,9,8,8,7
JJ,node_65,event,9,8,8,7
JJ,node_66,chat,9,8,8,7
JJ,node_67,event,9,8,8,7
JJ,node_68,event,9,8,8,7
JJ,node_69,event,9,8,8,7
JJ,node_70,event,9,8,8,6
JJ,node_71,event,9,8,8,7
JJ,node_72,event,9,8,8,6
JJ,node_73,event,9,8,8,7
JJ,node_74,event,9,8,8,7
JJ,node_75,event,9,8,8,6
JJ,node_76,thought,9,8,8,7
JJ,node_77,thought,9,8,8,7
JJ,node_78,thought,9,8,8,7
JJ,node_79,thought,9,8,8,7
JJ,node_80,thought,9,8,8,7
JJ,node_81,thought,9,8,8,7
JJ,node_82,thought,9,8,8,6
JJ,node_83,thought,9,8,8,6
JJ,node_84,thought,9,8,8,6
JJ,node_85,thought,9,8,8,7
JJ,node_86,thought,9,8,8,7
JJ,node_87,thought,9,8,8,7
JJ,node_88,thought,9,8,8,6
JJ,node_89,thought,9,8,8,7
JJ,node_90,thought,9,8,8,7
JJ,node_91,thought,9,8,8,7
JJ,node_92,thought,9,8,8,7
JJ,node_93,event,9,8,8,6
JJ,node_94,event,9,8,8,7
JJ,node_95,event,9,8,8,7
JJ,node_96,event,9,8,8,6
JJ,node_97,event,9,8,8,6
JJ,node_98,event,9,8,8,7
JJ,node_99,event,9,8,8,6
JJ,node_100,event,9,8,8,7
JJ,node_101,event,9,8,8,7
JJ,node_102,event,9,8,8,7
JJ,node_103,event,9,8,8,7
JJ,node_104,event,9,8,8,7
JJ,node_105,event,9,8,8,7
JJ,node_106,event,9,8,8,7
JJ,node_107,event,9,8,8,7
JJ,node_108,chat,9,8,8,6
JJ,node_109,event,9,8,8,7
JJ,node_110,event,9,8,8,7
JJ,node_111,event,9,8,8,6
JJ,node_112,event,9,8,8,7
JJ,node_113,event,9,8,8,7
JJ,node_114,event,9,8,8,6
JJ,node_115,event,9,8,8,7
JJ,node_116,event,9,8,8,7
JJ,node_117,event,9,8,8,7
JJ,node_118,event,9,8,8,7
JJ,node_119,event,9,8,8,6
JJ,node_120,event,9,8,7,7
JJ,node_121,thought,9,8,8,7
JJ,node_122,thought,9,8,8,7
JJ,node_123,thought,9,8,8,6
JJ,node_124,thought,9,8,8,6
JJ,node_125,thought,9,8,8,7
JJ,node_126,thought,9,8,8,7
JJ,node_127,thought,9,8,8,6
JJ,node_128,thought,9,8,8,6
JJ,node_129,thought,9,8,8,7
JJ,node_130,thought,9,8,8,7
JJ,node_131,thought,9,8,8,7
JJ,node_132,thought,9,8,8,6
JJ,node_133,thought,9,8,8,7
JJ,node_134,thought,9,8,8,7
JJ,node_135,thought,9,8,8,7
JJ,node_136,thought,9,8,8,7
JJ,node_137,thought,9,8,8,7
JJ,node_138,chat,9,8,8,7
KK,node_0,thought,9,7,7,5
KK,node_1,chat,9,7,7,5
KK,node_2,event,9,7,7,5
KK,node_3,event,9,7,7,5
KK,node_4,event,9,7,6,5
KK,node_5,event,9,7,6,6
KK,node_6,event,9,7,7,5
KK,node_7,event,9,7,6,6
KK,node_8,event,9,7,7,6
KK,node_9,event,9,7,7,5
KK,node_10,event,9,7,6,5
KK,node_11,event,9,7,7,5
KK,node_12,event,9,7,6,5
KK,node_13,event,9,7,7,5
KK,node_14,event,9,7,7,6
KK,node_15,event,9,7,7,5
KK,node_16,event,9,7,6,6
KK,node_17,event,9,7,6,6
KK,node_18,event,9,7,7,5
KK,node_19,event,9,7,6,5
KK,node_20,event,9,7,7,5
KK,node_21,event,9,7,7,5
KK,node_22,event,9,7,6,5
KK,node_23,event,9,7,7,6
KK,node_24,event,9,7,7,6
KK,node_25,event,9,7,7,5
KK,node_26,event,9,7,6,5
KK,node_27,event,9,7,6,6
KK,node_28,event,9,7,7,5
KK,node_29,event,9,7,7,5
KK,node_30,event,9,7,7,5
KK,node_31,event,9,7,6,6
KK,node_32,event,9,7,7,6
KK,node_33,thought,9,7,6,5
KK,node_34,thought,9,7,6,5
KK,node_35,thought,9,7,6,5
KK,node_36,thought,9,7,7,5
KK,node_37,thought,9,7,7,5
KK,node_38,thought,9,7,6,5
KK,node_39,thought,9,7,6,5
KK,node_40,thought,9,7,7,5
KK,node_41,thought,9,7,7,5
KK,node_42,thought,9,7,6,5
KK,node_43,thought,9,7,7,6
KK,node_44,thought,9,7,7,5
KK,node_45,thought,9,7,6,5
KK,node_46,thought,9,7,7,5
KK,node_47,thought,9,7,7,5
KK,node_48,thought,9,7,6,5
KK,node_49,thought,9,7,6,5
KK,node_50,event,9,7,7,5
KK,node_51,event,9,7,6,5
KK,node_52,event,9,7,6,5
KK,node_53,event,9,7,6,5
KK,node_54,event,9,7,7,6
KK,node_55,event,9,7,7,5
KK,node_56,event,9,7,6,5
KK,node_57,event,9,7,6,6
KK,node_58,event,9,7,6,5
KK,node_59,event,9,7,7,6
KK,node_60,chat,9,7,7,5
KK,node_61,chat,9,7,7,6
KK,node_62,event,9,7,7,5
KK,node_63,event,9,7,6,6
KK,node_64,event,9,7,7,5
KK,node_65,event,9,7,6,5
KK,node_66,event,9,7,6,5
KK,node_67,event,9,7,7,5
KK,node_68,chat,9,7,6,5
KK,node_69,event,9,7,7,6
KK,node_70,event,9,7,7,5
KK,node_71,event,9,7,6,5
KK,node_72,event,9,7,7,6
KK,node_73,event,9,7,6,5
KK,node_74,event,9,7,6,6
KK,node_75,event,9,7,6,6
KK,node_76,event,9,7,6,6
KK,node_77,thought,9,7,6,5
KK,node_78,thought,9,7,6,6
KK,node_79,thought,9,7,6,6
KK,node_80,thought,9,7,6,6
KK,node_81,thought,9,7,7,5
KK,node_82,thought,9,7,7,6
KK,node_83,thought,9,7,7,6
KK,node_84,thought,9,7,6,5
KK,node_85,thought,9,7,6,5
KK,node_86,thought,9,7,7,6
KK,node_87,thought,9,7,7,6
KK,node_88,thought,9,7,6,6
KK,node_89,thought,9,7,6,6
KK,node_90,thought,9,7,6,6
KK,node_91,thought,9,7,7,6
KK,node_92,thought,9,7,6,5
KK,node_93,thought,9,7,6,5
KK,node_94,event,9,7,7,6
KK,node_95,event,9,7,7,6
KK,node_96,event,9,7,6,6
KK,node_97,chat,9,7,7,5
KK,node_98,event,9,7,6,5
KK,node_99,event,9,7,6,5
KK,node_100,event,9,7,6,5
KK,node_101,event,9,7,6,6
KK,node_102,event,9,6,7,6
KK,node_103,event,9,7,6,5
KK,node_104,event,9,7,6,6
KK,node_105,event,9,7,6,5
KK,node_106,event,9,7,6,5
KK,node_107,event,9,7,7,6
KK,node_108,event,9,7,6,6
KK,node_109,event,9,7,6,5
KK,node_110,event,9,7,6,5
KK,node_111,event,9,7,7,5
KK,node_112,event,9,7,6,5
KK,node_113,event,9,7,7,5
KK,node_114,event,9,7,7,6
KK,node_115,event,9,7,7,6
KK,node_116,event,9,7,7,5
KK,node_117,event,9,7,6,5
KK,node_118,event,9,7,7,5
KK,node_119,event,9,7,7,5
KK,node_120,event,9,7,7,5
KK,node_121,event,9,7,7,5
KK,node_122,event,9,7,7,5
KK,node_123,thought,9,7,6,6
KK,node_124,thought,9,7,7,5
KK,node_125,thought,9,7,6,6
KK,node_126,thought,9,7,7,5
KK,node_127,thought,9,7,6,5
KK,node_128,thought,9,7,6,5
KK,node_129,thought,9,7,6,5
KK,node_130,thought,9,7,7,5
KK,node_131,thought,9,7,7,5
KK,node_132,thought,9,7,6,5
KK,node_133,thought,9,7,7,5
KK,node_134,thought,9,7,6,5
KK,node_135,thought,9,7,6,6
KK,node_136,thought,9,7,7,5
KK,node_137,thought,9,7,7,6
KK,node_138,thought,9,7,6,6
KK,node_139,thought,9,7,7,5
KK,node_140,event,9,7,7,6
KK,node_141,event,9,7,6,5
KK,node_142,event,9,7,7,5
KK,node_143,event,9,7,7,6
KK,node_144,event,9,7,6,5
KK,node_145,event,9,7,7,5
KK,node_146,event,9,7,7,5
KK,node_147,event,9,7,6,6
KK,node_148,event,9,7,7,5
KK,node_149,event,9,7,6,5
KK,node_150,event,9,7,6,6
KK,node_151,event,9,7,7,6
KK,node_152,event,9,7,6,5
KK,node_153,event,9,7,7,6
KK,node_154,event,9,7,6,5
KK,node_155,event,9,7,7,5
KK,node_156,event,9,7,7,6
KK,node_157,event,9,7,6,5
KK,node_158,event,9,7,7,5
KK,node_186,event,1,7,7,6
KK,node_187,event,1,7,7,6
KK,node_188,event,1,7,7,6
KK,node_189,event,1,7,7,6
KK,node_190,event,1,7,7,6
KK,node_191,event,1,7,7,6
KK,node_192,event,1,6,7,6
KK,node_193,event,1,7,7,6
KK,node_194,event,1,7,7,6
KK,node_195,event,1,7,7,7
KK,node_196,event,1,7,7,6
KK,node_197,event,1,7,7,7
KK,node_198,event,1,7,7,6
KK,node_199,event,1,7,8,6
KK,node_200,event,1,7,7,7
KK,node_201,event,1,7,7,6
KK,node_215,event,1,7,7,6
KK,node_216,event,1,7,7,6
KK,node_217,event,1,7,7,6
KK,node_218,event,1,7,7,6
KK,node_219,event,1,7,7,6
KK,node_220,event,1,7,7,6
KK,node_221,event,1,7,7,6
KK,node_222,event,1,7,8,6
KK,node_223,event,1,7,7,6
LL,node_0,thought,9,5,7,5
LL,node_1,event,9,5,7,5
LL,node_2,event,9,6,6,5
LL,node_3,event,9,6,6,5
LL,node_4,event,9,5,6,5
LL,node_5,event,9,6,6,5
LL,node_6,event,9,5,7,5
LL,node_7,event,9,5,7,5
LL,node_8,event,9,6,6,5
LL,node_9,event,9,6,6,5
LL,node_10,event,9,5,7,5
LL,node_11,event,9,6,6,5
LL,node_12,event,9,5,7,5
LL,node_13,event,9,6,6,5
LL,node_14,event,9,6,7,5
LL,node_15,event,9,6,6,5
LL,node_16,event,9,6,7,5
LL,node_17,event,9,6,6,5
LL,node_18,event,9,6,6,5
LL,node_19,event,9,5,7,5
LL,node_20,event,9,5,6,5
LL,node_21,event,9,5,7,5
LL,node_22,event,9,6,7,5
LL,node_23,event,9,6,6,5
LL,node_24,event,9,6,6,5
LL,node_25,event,9,6,6,5
LL,node_26,event,9,6,6,5
LL,node_27,event,9,6,7,5
LL,node_28,event,9,6,7,5
LL,node_29,event,9,6,6,5
LL,node_30,event,9,5,6,5
LL,node_31,event,9,5,6,5
LL,node_32,event,9,6,7,5
LL,node_33,event,9,6,6,5
LL,node_34,event,9,5,6,5
LL,node_35,event,9,6,6,5
LL,node_36,event,9,6,7,5
LL,node_37,thought,9,6,7,5
LL,node_38,thought,9,6,6,5
LL,node_39,thought,9,6,6,5
LL,node_40,thought,9,6,7,5
LL,node_41,thought,9,6,6,5
LL,node_42,thought,9,6,6,5
LL,node_43,thought,9,6,6,5
LL,node_44,thought,9,6,6,5
LL,node_45,thought,9,6,6,5
LL,node_46,thought,9,5,6,5
LL,node_47,thought,9,6,6,5
LL,node_48,thought,9,6,6,5
LL,node_49,thought,9,6,6,5
LL,node_50,thought,9,6,6,5
LL,node_51,thought,9,5,7,5
LL,node_52,event,9,6,7,5
LL,node_53,event,9,5,6,5
LL,node_54,event,9,6,6,5
LL,node_55,event,9,6,6,5
LL,node_56,event,9,6,6,5
LL,node_57,event,9,6,6,5
LL,node_58,event,9,5,6,5
LL,node_59,event,9,6,6,5
LL,node_60,event,9,6,6,5
LL,node_61,event,9,6,6,5
LL,node_62,chat,9,6,7,5
LL,node_63,event,9,6,6,5
LL,node_64,event,9,5,7,5
LL,node_65,event,9,6,7,5
LL,node_66,event,9,6,7,5
LL,node_67,event,9,5,6,5
LL,node_68,event,9,6,6,5
LL,node_69,event,9,5,6,5
LL,node_70,event,9,6,6,5
LL,node_71,event,9,6,6,5
LL,node_72,event,9,5,7,5
LL,node_73,event,9,6,6,5
LL,node_74,event,9,6,6,5
LL,node_75,event,9,6,6,5
LL,node_76,event,9,6,6,5
LL,node_77,event,9,6,6,5
LL,node_78,event,9,5,6,5
LL,node_79,event,9,6,6,5
MM,node_0,thought,9,5,5,5
MM,node_1,event,9,6,6,5
MM,node_2,event,9,5,6,5
MM,node_3,event,9,6,5,5
MM,node_4,event,9,6,6,5
MM,node_5,event,9,6,6,5
MM,node_6,event,9,6,5,5
MM,node_7,event,9,6,5,5
MM,node_8,event,9,6,5,5
MM,node_9,chat,9,6,6,5
MM,node_10,event,9,6,6,5
MM,node_11,event,9,6,5,5
MM,node_12,event,9,6,5,5
MM,node_13,event,9,6,5,5
MM,node_14,event,9,6,6,5
MM,node_15,event,9,6,5,5
MM,node_16,event,9,6,6,5
MM,node_17,event,9,6,6,5
MM,node_18,event,9,6,6,5
MM,node_19,event,9,6,6,5
MM,node_20,event,9,6,6,5
MM,node_21,event,9,6,6,5
MM,node_22,event,9,6,5,5
MM,node_23,event,9,6,6,5
MM,node_24,event,9,5,6,5
MM,node_25,event,9,6,6,5
MM,node_26,event,9,5,6,5
MM,node_27,event,9,5,6,5
MM,node_28,event,9,6,6,5
MM,node_29,event,9,6,6,5
MM,node_30,event,9,6,5,5
MM,node_31,event,9,5,5,5
MM,node_32,event,9,6,6,5
MM,node_33,thought,9,6,6,5
MM,node_34,thought,9,6,5,5
MM,node_35,thought,9,5,6,5
MM,node_36,thought,9,6,5,5
MM,node_37,thought,9,6,5,5
MM,node_38,thought,9,6,5,5
MM,node_39,thought,9,6,5,5
MM,node_40,thought,9,5,5,5
MM,node_41,thought,9,6,5,5
MM,node_42,thought,9,6,5,5
MM,node_43,thought,9,6,6,5
MM,node_44,thought,9,6,6,5
MM,node_45,thought,9,6,6,5
MM,node_46,thought,9,6,6,5
MM,node_47,thought,9,6,5,5
MM,node_48,thought,9,6,6,5
MM,node_49,thought,9,6,6,5
MM,node_50,event,9,6,6,5
MM,node_51,event,9,6,5,5
MM,node_52,event,9,6,6,5
MM,node_53,event,9,6,6,5
MM,node_54,event,9,6,6,5
MM,node_55,event,9,6,6,5
MM,node_56,event,9,6,5,5
MM,node_57,event,9,6,5,5
MM,node_58,event,9,6,6,5
MM,node_59,event,9,6,5,5
MM,node_60,event,9,6,6,5
MM,node_61,event,9,6,6,5
MM,node_62,event,9,6,5,5
MM,node_63,event,9,6,5,5
MM,node_64,event,9,6,5,5
MM,node_65,event,9,6,5,5
MM,node_66,chat,9,6,5,5
MM,node_67,event,9,6,5,5
MM,node_68,event,9,6,5,5
MM,node_69,event,9,6,5,5
MM,node_70,event,9,6,5,5
MM,node_71,event,9,6,6,5
MM,node_72,event,9,6,5,5
MM,node_73,thought,9,6,6,5
MM,node_74,thought,9,6,5,5
MM,node_75,thought,9,6,5,5
MM,node_76,thought,9,6,5,5
MM,node_77,thought,9,6,6,5
MM,node_78,thought,9,5,5,5
MM,node_79,thought,9,5,5,5
MM,node_80,thought,9,6,5,5
MM,node_81,thought,9,6,5,5
MM,node_82,thought,9,6,6,5
MM,node_83,thought,9,6,6,5
MM,node_84,thought,9,6,5,5
MM,node_85,thought,9,6,6,5
MM,node_86,thought,9,6,6,5
MM,node_87,thought,9,6,6,5
MM,node_88,thought,9,6,6,5
MM,node_89,thought,9,6,6,5
MM,node_90,chat,9,6,5,5
MM,node_91,event,9,6,6,5
MM,node_92,event,9,6,5,5
MM,node_93,event,9,6,5,5
MM,node_94,event,9,6,5,5
MM,node_95,event,9,6,5,5
MM,node_96,chat,9,6,6,5
MM,node_97,event,9,6,6,5
MM,node_98,event,9,6,5,5
MM,node_99,event,9,6,6,5
MM,node_100,event,9,6,6,5
MM,node_101,event,9,6,5,5
MM,node_102,event,9,6,5,5
MM,node_103,event,9,6,6,5
MM,node_104,event,9,6,5,5
MM,node_105,event,9,6,6,5
MM,node_106,event,9,6,6,5
MM,node_107,chat,9,6,5,5
MM,node_108,event,9,6,6,5
MM,node_109,event,9,6,5,5
MM,node_110,event,9,6,6,5
MM,node_111,event,9,6,5,5
MM,node_112,event,9,6,5,5
MM,node_113,event,9,6,5,5
MM,node_114,event,9,6,6,5
MM,node_115,event,9,6,5,5
MM,node_116,event,9,6,5,5
MM,node_117,event,9,6,5,5
MM,node_118,event,9,6,5,5
MM,node_119,thought,9,6,5,5
MM,node_120,thought,9,5,6,5
MM,node_121,thought,9,6,6,5
MM,node_122,thought,9,6,5,5
MM,node_123,thought,9,6,6,5
MM,node_124,thought,9,6,5,5
MM,node_125,thought,9,6,6,5
MM,node_126,thought,9,6,6,5
MM,node_127,thought,9,6,5,5
MM,node_128,thought,9,6,5,5
MM,node_129,thought,9,6,5,5
MM,node_130,thought,9,6,6,5
MM,node_131,thought,9,6,5,5
MM,node_132,thought,9,6,5,5
MM,node_133,thought,9,6,5,5
MM,node_134,thought,9,6,6,5
MM,node_135,thought,9,6,5,5
NN,node_0,thought,9,5,7,6
NN,node_1,event,9,6,7,5
NN,node_2,event,9,6,7,6
NN,node_3,event,9,6,7,6
NN,node_4,event,9,6,7,6
NN,node_5,event,9,6,7,6
NN,node_6,event,9,6,7,6
NN,node_7,event,9,6,7,5
NN,node_8,event,9,6,7,6
NN,node_9,event,9,6,7,6
NN,node_10,event,9,5,7,6
NN,node_11,event,9,7,7,6
NN,node_12,event,9,5,7,6
NN,node_13,event,9,6,7,6
NN,node_14,event,9,5,7,6
NN,node_15,event,9,6,7,6
NN,node_16,event,9,7,7,5
NN,node_17,event,9,6,8,6
NN,node_18,event,9,6,7,6
NN,node_19,event,9,6,7,6
NN,node_20,event,9,7,7,5
NN,node_21,event,9,6,7,6
NN,node_22,event,9,6,7,5
NN,node_23,event,9,7,7,6
NN,node_24,event,9,7,8,5
NN,node_25,event,9,6,8,6
NN,node_26,event,9,6,7,6
NN,node_27,event,9,6,7,5
NN,node_28,event,9,7,7,5
NN,node_29,event,9,6,7,5
NN,node_30,thought,9,6,7,6
NN,node_31,thought,9,6,7,5
NN,node_32,thought,9,6,7,5
NN,node_33,thought,9,6,7,6
NN,node_34,thought,9,6,7,5
NN,node_35,thought,9,7,7,6
NN,node_36,thought,9,7,7,5
NN,node_37,thought,9,6,7,6
NN,node_38,thought,9,6,7,5
NN,node_39,thought,9,6,7,5
NN,node_40,thought,9,6,7,5
NN,node_41,thought,9,7,7,6
NN,node_42,thought,9,6,7,6
NN,node_43,thought,9,6,7,6
NN,node_44,thought,9,6,7,5
NN,node_45,event,9,6,7,6
NN,node_46,event,9,6,7,5
NN,node_47,event,9,6,7,6
NN,node_48,event,9,6,7,5
NN,node_49,event,9,7,7,6
NN,node_50,event,9,6,7,6
NN,node_51,event,9,6,7,5
NN,node_52,event,9,5,8,6
NN,node_53,event,9,6,7,5
NN,node_54,event,9,6,7,6
NN,node_55,event,9,6,7,5
NN,node_56,event,9,6,7,5
NN,node_57,event,9,6,7,6
NN,node_58,event,9,6,8,5
NN,node_59,event,9,6,7,5
NN,node_60,event,9,6,7,5
NN,node_61,event,9,6,8,5
NN,node_62,event,9,6,7,5
NN,node_63,event,9,6,7,6
NN,node_64,event,9,5,7,5
NN,node_65,event,9,6,8,5
NN,node_66,event,9,6,7,6
NN,node_67,event,9,6,7,5
NN,node_68,event,9,6,7,6
NN,node_69,event,9,5,7,5
NN,node_70,event,9,6,7,5
NN,node_71,event,9,6,7,6
NN,node_72,event,9,6,7,6
NN,node_73,event,9,6,7,6
NN,node_74,thought,9,6,7,6
NN,node_75,thought,9,6,7,6
NN,node_76,thought,9,6,7,6
NN,node_77,thought,9,6,7,6
NN,node_78,thought,9,6,7,6
NN,node_79,thought,9,6,7,6
NN,node_80,thought,9,6,7,6
NN,node_81,thought,9,6,7,5
NN,node_82,thought,9,6,7,6
NN,node_83,thought,9,6,7,6
NN,node_84,thought,9,6,7,6
NN,node_85,thought,9,6,7,5
NN,node_86,thought,9,6,7,6
NN,node_87,thought,9,6,7,5
NN,node_88,thought,9,6,7,6
NN,node_89,thought,9,6,7,6
NN,node_90,thought,9,6,7,5
NN,node_91,chat,9,7,7,5
NN,node_92,event,9,6,8,6
NN,node_93,event,9,7,7,6
NN,node_94,event,9,6,8,5
NN,node_95,event,9,5,7,5
NN,node_96,event,9,6,7,6
NN,node_97,event,9,6,7,6
NN,node_98,event,9,6,7,6
NN,node_99,event,9,6,7,5
NN,node_100,event,9,7,7,6
NN,node_101,event,9,6,7,6
NN,node_102,event,9,6,7,6
NN,node_103,event,9,6,7,6
NN,node_104,event,9,6,7,5
NN,node_105,event,9,6,7,6
NN,node_106,event,9,7,7,5
NN,node_107,chat,9,6,7,6
NN,node_108,event,9,6,7,5
NN,node_109,event,9,6,7,5
NN,node_110,event,9,6,7,6
NN,node_111,event,9,5,7,6
NN,node_112,event,9,5,7,5
NN,node_113,event,9,6,7,6
NN,node_114,event,9,6,7,5
NN,node_115,event,9,6,7,6
NN,node_116,event,9,7,7,6
NN,node_117,event,9,7,7,6
NN,node_118,event,9,5,7,5
NN,node_119,event,9,6,7,6
NN,node_120,event,9,6,7,6
NN,node_121,event,9,6,7,6
NN,node_122,event,9,7,7,6
NN,node_123,event,9,6,7,5
NN,node_124,event,9,5,7,5
NN,node_125,event,9,7,7,5
NN,node_126,thought,9,6,7,6
NN,node_127,thought,9,6,7,5
NN,node_128,thought,9,7,7,5
NN,node_129,thought,9,6,7,6
NN,node_130,thought,9,6,7,6
NN,node_131,thought,9,6,7,5
NN,node_132,thought,9,6,7,5
NN,node_133,thought,9,6,7,6
NN,node_134,thought,9,6,7,6
NN,node_135,thought,9,6,7,6
NN,node_136,thought,9,6,7,6
NN,node_137,thought,9,6,7,6
NN,node_138,thought,9,6,7,6
NN,node_139,thought,9,7,8,6
NN,node_140,thought,9,6,7,6
NN,node_141,thought,9,6,7,6
NN,node_142,thought,9,6,7,5
NN,node_143,event,9,6,8,6
NN,node_144,event,9,5,7,6
NN,node_145,event,9,5,7,6
NN,node_146,event,9,6,7,6
NN,node_147,event,9,6,7,6
NN,node_148,event,9,6,7,5
OO,node_0,thought,9,6,7,5
OO,node_1,event,9,6,7,5
OO,node_2,event,9,6,7,5
OO,node_3,event,9,6,7,6
OO,node_4,event,9,6,7,5
OO,node_5,event,9,6,7,6
OO,node_6,event,9,6,7,5
OO,node_7,event,9,6,7,6
OO,node_8,event,9,6,7,6
OO,node_9,event,9,6,7,6
OO,node_10,chat,9,6,8,6
OO,node_11,event,9,6,7,5
OO,node_12,event,9,6,7,5
OO,node_13,event,9,6,8,5
OO,node_14,event,9,6,7,5
OO,node_15,event,9,6,7,5
OO,node_16,event,9,6,8,6
OO,node_17,event,9,6,7,6
OO,node_18,event,9,6,7,6
OO,node_19,event,9,6,8,5
OO,node_20,event,9,6,7,5
OO,node_21,event,9,6,7,6
OO,node_22,event,9,6,7,5
OO,node_23,event,9,6,7,6
OO,node_24,event,9,7,7,6
OO,node_25,event,9,7,7,6
OO,node_26,event,9,6,7,6
OO,node_27,event,9,6,7,5
OO,node_28,event,9,6,7,6
OO,node_29,event,9,6,8,5
OO,node_30,event,9,5,6,6
OO,node_31,thought,9,6,7,6
OO,node_32,thought,9,6,7,6
OO,node_33,thought,9,6,7,6
OO,node_34,thought,9,6,7,6
OO,node_35,thought,9,7,7,6
OO,node_36,thought,9,6,7,6
OO,node_37,thought,9,6,7,6
OO,node_38,thought,9,6,7,6
OO,node_39,thought,9,6,7,5
OO,node_40,thought,9,6,7,5
OO,node_41,thought,9,6,7,5
OO,node_42,thought,9,6,7,5
OO,node_43,thought,9,6,7,6
OO,node_44,thought,9,6,7,6
OO,node_45,thought,9,6,7,6
OO,node_46,thought,9,6,7,6
OO,node_47,thought,9,7,7,5
OO,node_48,event,9,7,7,5
OO,node_49,event,9,6,7,6
OO,node_50,event,9,6,8,6
OO,node_51,event,9,6,7,6
OO,node_52,event,9,6,7,5
OO,node_53,event,9,6,7,5
OO,node_54,event,9,6,7,6
OO,node_55,event,9,6,8,5
OO,node_56,event,9,6,7,6
OO,node_57,event,9,6,7,6
OO,node_58,event,9,7,6,5
OO,node_59,event,9,6,8,6
OO,node_60,chat,9,6,6,6
OO,node_61,event,9,6,6,6
OO,node_62,event,9,6,6,5
OO,node_63,event,9,6,7,6
OO,node_64,event,9,6,7,6
OO,node_65,event,9,6,7,6
OO,node_66,event,9,6,7,6
OO,node_67,event,9,6,7,5
OO,node_68,event,9,6,7,5
OO,node_69,event,9,6,7,6
OO,node_70,event,9,6,7,6
OO,node_71,event,9,6,7,5
OO,node_72,event,9,6,7,6
OO,node_73,event,9,6,7,6
OO,node_74,event,9,5,7,6
OO,node_75,event,9,6,7,5
OO,node_76,event,9,6,7,5
OO,node_77,thought,9,6,7,6
OO,node_78,thought,9,6,7,6
OO,node_79,thought,9,6,7,6
OO,node_80,thought,9,6,7,6
OO,node_81,thought,9,6,7,5
OO,node_82,thought,9,6,7,6
OO,node_83,thought,9,6,7,6
OO,node_84,thought,9,6,7,6
OO,node_85,thought,9,6,7,6
OO,node_86,thought,9,6,7,6
OO,node_87,thought,9,6,6,6
OO,node_88,thought,9,6,7,6
OO,node_89,thought,9,6,7,5
OO,node_90,thought,9,6,7,6
OO,node_91,thought,9,6,7,5
OO,node_92,thought,9,6,7,6
OO,node_93,thought,9,6,7,6
OO,node_94,chat,9,6,7,6
OO,node_95,event,9,6,7,6
OO,node_96,event,9,6,7,5
OO,node_97,event,9,6,7,5
OO,node_98,event,9,6,7,6
OO,node_99,event,9,6,7,5
OO,node_100,event,9,6,7,5
OO,node_101,event,9,7,7,5
OO,node_102,event,9,6,7,5
OO,node_103,event,9,6,7,5
OO,node_104,event,9,6,7,6
OO,node_105,event,9,6,7,5
OO,node_106,event,9,6,7,5
OO,node_107,event,9,6,8,6
OO,node_108,event,9,6,7,6
OO,node_109,event,9,6,7,6
OO,node_110,event,9,6,7,6
OO,node_111,event,9,6,7,6
OO,node_112,event,9,6,7,6
OO,node_113,event,9,6,7,5
OO,node_114,event,9,6,7,6
OO,node_115,event,9,6,7,5
OO,node_116,event,9,6,7,6
OO,node_117,event,9,6,7,5
OO,node_118,event,9,6,7,6
OO,node_119,event,9,5,7,5
OO,node_120,event,9,6,7,6
OO,node_121,event,9,6,7,5
OO,node_122,event,9,6,7,5
OO,node_123,event,9,6,7,6
OO,node_124,event,9,6,7,6
OO,node_125,event,9,6,8,6
OO,node_126,thought,9,6,7,6
OO,node_127,thought,9,7,7,5
OO,node_128,thought,9,6,7,6
OO,node_129,thought,9,6,8,5
OO,node_130,thought,9,6,7,6
OO,node_131,thought,9,6,7,5
OO,node_132,thought,9,6,7,6
OO,node_133,thought,9,6,7,5
OO,node_134,thought,9,7,7,6
OO,node_135,thought,9,6,7,6
OO,node_136,thought,9,6,7,6
OO,node_137,thought,9,6,7,6
OO,node_138,thought,9,6,7,6
OO,node_139,thought,9,6,7,5
OO,node_140,thought,9,6,7,6
OO,node_141,event,9,6,7,6
OO,node_142,event,9,6,8,6
OO,node_143,event,9,6,7,6
OO,node_144,event,9,6,7,5
OO,node_145,event,1,6,8,6
OO,node_146,event,1,6,7,7
OO,node_147,event,1,6,7,6
OO,node_148,event,1,6,7,6
OO,node_149,event,1,6,7,6
OO,node_150,event,1,6,7,6
OO,node_151,event,1,6,8,6
OO,node_152,event,1,6,7,6
OO,node_153,event,1,6,7,6
OO,node_154,event,1,6,7,6
OO,node_155,event,1,6,7,6
OO,node_156,event,1,6,7,6
OO,node_157,event,1,6,7,6
OO,node_158,event,1,6,7,6
PP,node_0,thought,9,7,8,5
PP,node_1,event,9,7,8,6
PP,node_2,event,9,8,7,6
PP,node_3,event,9,8,8,6
PP,node_4,event,9,8,8,5
PP,node_5,event,9,8,7,6
PP,node_6,event,9,8,8,6
PP,node_7,event,9,8,8,6
PP,node_8,event,9,7,7,6
PP,node_9,chat,9,8,8,6
PP,node_10,event,9,8,8,6
PP,node_11,event,9,8,8,6
PP,node_12,event,9,7,8,6
PP,node_13,event,9,8,8,5
PP,node_14,event,9,8,8,6
PP,node_15,event,9,8,8,6
PP,node_16,event,9,8,8,6
PP,node_17,event,9,8,8,6
PP,node_18,event,9,8,8,6
PP,node_19,event,9,8,8,6
PP,node_20,event,9,8,8,6
PP,node_21,event,9,8,8,6
PP,node_22,event,9,8,8,6
PP,node_23,event,9,8,8,6
PP,node_24,event,9,8,8,6
PP,node_25,event,9,8,8,6
PP,node_26,event,9,7,8,6
PP,node_27,event,9,8,8,6
PP,node_28,thought,9,8,8,6
PP,node_29,thought,9,8,8,6
PP,node_30,thought,9,8,8,6
PP,node_31,thought,9,8,8,6
PP,node_32,thought,9,8,8,6
PP,node_33,thought,9,8,8,6
PP,node_34,thought,9,8,8,6
PP,node_35,thought,9,8,7,6
PP,node_36,thought,9,8,8,6
PP,node_37,thought,9,8,8,6
PP,node_38,thought,9,8,7,5
PP,node_39,thought,9,8,8,6
PP,node_40,thought,9,8,8,6
PP,node_41,thought,9,8,8,6
PP,node_42,thought,9,7,8,6
PP,node_43,thought,9,8,8,6
PP,node_44,thought,9,8,7,6
PP,node_45,event,9,8,8,5
PP,node_46,event,9,8,8,6
PP,node_47,event,9,8,8,6
PP,node_48,event,9,7,8,6
PP,node_49,event,9,8,8,6
PP,node_50,event,9,8,8,6
PP,node_51,event,9,8,8,6
PP,node_52,event,9,7,8,6
PP,node_53,event,9,8,8,6
PP,node_54,event,9,8,8,6
PP,node_55,event,9,8,8,6
PP,node_56,event,9,8,8,6
PP,node_57,event,9,8,8,6
PP,node_58,event,9,8,8,6
PP,node_59,event,9,8,8,6
PP,node_60,event,9,8,8,6
PP,node_61,event,9,8,8,5
PP,node_62,event,9,8,7,6
PP,node_63,chat,9,8,8,6
PP,node_64,event,9,8,8,5
PP,node_65,event,9,8,8,6
PP,node_66,event,9,8,7,6
PP,node_67,event,9,8,8,6
PP,node_68,event,9,8,8,6
PP,node_69,event,9,8,7,6
PP,node_70,thought,9,8,8,6
PP,node_71,thought,9,8,8,6
PP,node_72,thought,9,8,8,6
PP,node_73,thought,9,8,8,6
PP,node_74,thought,9,8,8,6
PP,node_75,thought,9,8,8,5
PP,node_76,thought,9,8,8,6
PP,node_77,thought,9,8,7,6
PP,node_78,thought,9,8,8,6
PP,node_79,thought,9,8,8,6
PP,node_80,thought,9,8,8,6
PP,node_81,thought,9,8,8,6
PP,node_82,thought,9,8,8,6
PP,node_83,thought,9,7,8,6
PP,node_84,thought,9,8,8,6
PP,node_85,thought,9,8,8,6
PP,node_86,thought,9,8,8,5
PP,node_87,chat,9,8,8,5
PP,node_88,event,9,8,8,5
PP,node_89,event,9,8,8,6
PP,node_90,event,9,8,8,6
PP,node_91,event,9,8,8,6
PP,node_92,event,9,8,8,6
PP,node_93,event,9,7,8,6
PP,node_94,event,9,7,8,6
PP,node_95,event,9,8,8,6
PP,node_96,event,9,8,8,6
PP,node_97,event,9,8,8,5
PP,node_98,event,9,8,8,6
PP,node_99,event,9,7,7,6
PP,node_100,event,9,7,8,6
PP,node_101,event,9,8,8,6
PP,node_102,event,9,8,8,6
PP,node_103,event,9,7,8,6
PP,node_104,event,9,8,8,6
PP,node_105,event,9,8,8,6
PP,node_106,event,9,8,8,6
PP,node_107,event,9,8,7,6
PP,node_108,event,9,8,8,5
PP,node_109,event,9,8,8,6
PP,node_110,event,9,8,8,6
PP,node_111,chat,9,8,8,6
PP,node_112,event,9,8,7,6
PP,node_113,event,9,8,8,6
PP,node_114,thought,9,8,8,6
PP,node_115,thought,9,8,8,6
PP,node_116,thought,9,8,8,6
PP,node_117,thought,9,8,7,6
PP,node_118,thought,9,8,8,6
PP,node_119,thought,9,8,8,6
PP,node_120,thought,9,8,8,6
PP,node_121,thought,9,8,8,6
PP,node_122,thought,9,8,8,5
PP,node_123,thought,9,7,8,5
PP,node_124,thought,9,8,8,6
PP,node_125,thought,9,8,7,6
PP,node_126,thought,9,8,8,5
PP,node_127,thought,9,8,8,5
PP,node_128,thought,9,8,8,6
PP,node_129,thought,9,8,8,5
PP,node_130,thought,9,8,8,6
PP,node_131,event,9,8,8,6
PP,node_132,chat,9,8,8,6
PP,node_133,event,9,8,8,6
PP,node_134,event,9,8,7,6
PP,node_135,event,9,8,7,6
PP,node_136,event,9,8,8,6
QQ,node_0,thought,9,5,5,5
QQ,node_1,event,9,5,5,5
QQ,node_2,event,9,5,5,5
QQ,node_3,event,9,5,5,5
QQ,node_4,event,9,5,5,5
QQ,node_5,event,9,5,5,5
QQ,node_6,event,9,5,5,5
QQ,node_7,event,9,5,5,5
QQ,node_8,event,9,5,6,5
QQ,node_9,event,9,5,5,5
QQ,node_10,event,9,5,6,5
QQ,node_11,event,9,5,5,5
QQ,node_12,event,9,5,6,5
QQ,node_13,event,9,5,5,5
QQ,node_14,event,9,5,5,5
QQ,node_15,event,9,5,5,5
QQ,node_16,event,9,5,5,6
QQ,node_17,event,9,5,5,5
QQ,node_18,event,9,5,6,5
QQ,node_19,event,9,5,5,5
QQ,node_20,event,9,5,5,5
QQ,node_21,event,9,5,5,5
QQ,node_22,event,9,5,5,5
QQ,node_23,event,9,5,5,5
QQ,node_24,event,9,5,5,5
QQ,node_25,event,9,5,6,5
QQ,node_26,event,9,5,5,5
QQ,node_27,event,9,5,5,5
QQ,node_28,event,9,5,6,5
QQ,node_29,event,9,5,5,5
QQ,node_30,thought,9,5,5,5
QQ,node_31,thought,9,5,5,6
QQ,node_32,thought,9,5,5,5
QQ,node_33,thought,9,5,5,5
QQ,node_34,thought,9,5,5,5
QQ,node_35,thought,9,5,5,5
QQ,node_36,thought,9,5,6,5
QQ,node_37,thought,9,5,5,5
QQ,node_38,thought,9,5,5,5
QQ,node_39,thought,9,5,5,5
QQ,node_40,thought,9,5,5,5
QQ,node_41,thought,9,5,6,6
QQ,node_42,thought,9,5,5,5
QQ,node_43,thought,9,5,5,5
QQ,node_44,thought,9,5,6,5
QQ,node_45,event,9,5,6,5
QQ,node_46,event,9,5,5,5
QQ,node_47,event,9,5,5,5
QQ,node_48,event,9,5,5,5
QQ,node_49,event,9,5,6,5
QQ,node_50,event,9,4,5,5
QQ,node_51,event,9,5,5,5
QQ,node_52,event,9,5,5,5
QQ,node_53,event,9,5,5,5
QQ,node_54,event,9,5,5,5
QQ,node_55,event,9,5,5,5
QQ,node_56,event,9,5,5,5
QQ,node_57,event,9,5,5,5
QQ,node_58,event,9,5,5,5
QQ,node_59,event,9,5,5,5
QQ,node_60,event,9,5,5,5
QQ,node_61,event,9,5,5,5
QQ,node_62,event,9,5,5,5
QQ,node_63,event,9,5,5,5
QQ,node_64,event,9,5,5,5
QQ,node_65,event,9,5,5,5
QQ,node_66,event,9,5,5,5
QQ,node_67,event,9,5,5,5
QQ,node_68,event,9,5,5,5
QQ,node_69,event,9,5,5,5
QQ,node_70,event,9,5,5,5
QQ,node_71,event,9,5,5,5
QQ,node_72,event,9,5,5,5
QQ,node_73,event,9,5,5,5
QQ,node_74,event,9,5,5,5
QQ,node_75,thought,9,5,5,5
QQ,node_76,thought,9,4,5,5
QQ,node_77,thought,9,5,5,5
QQ,node_78,thought,9,5,5,5
QQ,node_79,thought,9,5,6,5
QQ,node_80,thought,9,5,5,5
QQ,node_81,thought,9,5,5,5
QQ,node_82,thought,9,5,5,5
QQ,node_83,thought,9,5,5,5
QQ,node_84,thought,9,5,5,5
QQ,node_85,thought,9,5,5,5
QQ,node_86,thought,9,5,5,5
QQ,node_87,thought,9,5,5,5
QQ,node_88,thought,9,5,5,5
QQ,node_89,thought,9,5,5,5
QQ,node_90,event,9,5,5,5
QQ,node_91,event,9,5,5,5
QQ,node_92,event,9,5,5,5
QQ,node_93,event,9,5,5,5
QQ,node_94,event,9,5,5,5
QQ,node_95,event,9,5,6,5
QQ,node_96,event,9,5,5,5
QQ,node_97,event,9,5,5,5
QQ,node_98,event,9,5,5,5
QQ,node_99,event,9,5,5,5
QQ,node_100,event,9,5,5,4
QQ,node_101,event,9,5,5,5
QQ,node_102,event,9,5,5,6
QQ,node_103,chat,9,4,5,5
QQ,node_104,event,9,5,5,5
QQ,node_105,event,9,4,5,5
MissT,node_0,thought,1,8,8,7
MissT,node_1,event,1,8,8,6
MissT,node_2,event,1,8,8,7
MissT,node_3,event,1,8,8,7
MissT,node_4,event,1,8,8,6
MissT,node_5,event,1,8,8,7
MissT,node_6,event,1,8,8,7
MissT,node_7,event,1,8,8,7
MissT,node_8,event,1,8,8,7
MissT,node_9,chat,1,8,8,7
MissT,node_10,event,1,8,8,7
MissT,node_11,event,1,8,8,7
MissT,node_12,event,1,8,8,7
MissT,node_13,event,1,8,8,7
MissT,node_14,event,1,8,8,7
MissT,node_15,event,1,8,8,7
MissT,node_16,event,1,8,8,7
MissT,node_17,event,1,8,8,7
MissT,node_18,event,1,8,8,7
MissT,node_19,event,1,8,8,7
MissT,node_20,event,1,8,8,7
MissT,node_21,event,1,8,8,7
MissT,node_22,event,1,8,8,7
MissT,node_23,event,1,9,8,7
MissT,node_24,event,1,9,8,7
MissT,node_25,event,1,8,8,7
MissT,node_26,event,1,8,8,7
MissT,node_27,event,1,9,8,7
MissT,node_28,event,1,8,8,7
MissT,node_29,thought,1,8,8,7
MissT,node_30,thought,1,9,8,7
MissT,node_31,thought,1,8,8,7
MissT,node_32,thought,1,8,8,7
MissT,node_33,thought,1,8,8,7
MissT,node_34,thought,1,8,8,7
MissT,node_35,thought,1,8,8,7
MissT,node_36,thought,1,8,8,7
MissT,node_37,thought,1,8,8,7
MissT,node_38,thought,1,8,8,6
MissT,node_39,thought,1,8,8,7
MissT,node_40,thought,1,9,8,7
MissT,node_41,thought,1,8,8,7
MissT,node_42,thought,1,8,8,7
MissT,node_43,thought,1,8,8,7
MissT,node_44,thought,1,8,8,7
MissT,node_45,thought,1,8,8,7
MissT,node_46,event,1,8,8,7
MissT,node_47,event,1,8,8,7
MissT,node_48,event,1,9,8,6
MissT,node_49,event,1,8,8,7
MissT,node_50,event,1,9,8,7
MissT,node_51,event,1,8,8,6
MissT,node_52,chat,1,8,8,7
MissT,node_53,event,1,8,8,7
MissT,node_54,event,1,8,8,7
MissT,node_55,event,1,8,8,7
MissT,node_56,event,1,8,8,7
MissT,node_57,event,1,8,8,7
MissT,node_58,event,1,8,8,7
MissT,node_59,event,1,8,8,7
MissT,node_60,event,1,8,8,7
MissT,node_61,event,1,8,8,7
MissT,node_62,event,1,8,8,7
MissT,node_63,event,1,8,8,7
MissT,node_64,event,1,8,8,7
MissT,node_65,event,1,8,8,7
MissT,node_66,event,1,8,8,7
MissT,node_67,event,1,8,8,7
MissT,node_68,event,1,8,8,7
MissT,node_69,chat,1,8,8,7
MissT,node_70,event,1,8,8,7
MissT,node_71,event,1,8,8,7
MissT,node_72,thought,1,8,8,7
MissT,node_73,thought,1,9,8,7
MissT,node_74,thought,1,8,8,7
MissT,node_75,thought,1,8,8,6
MissT,node_76,thought,1,8,8,7
MissT,node_77,thought,1,8,8,7
MissT,node_78,thought,1,8,8,7
MissT,node_79,thought,1,8,8,7
MissT,node_80,thought,1,9,8,7
MissT,node_81,thought,1,8,8,7
MissT,node_82,thought,1,8,8,7
MissT,node_83,thought,1,8,8,7
MissT,node_84,thought,9,8,8,7
MissT,node_85,thought,1,8,8,7
MissT,node_86,thought,9,8,8,6
MissT,node_87,thought,1,8,8,7
MissT,node_88,thought,1,8,8,7
MissT,node_89,event,1,8,8,6
MissT,node_90,event,1,8,8,7
MissT,node_91,event,1,8,8,7
MissT,node_92,event,1,8,8,7
MissT,node_93,event,1,8,8,7
MissT,node_94,event,1,8,8,7
MissT,node_95,event,1,8,8,7
MissT,node_96,event,1,8,8,7
MissT,node_97,event,1,9,8,7
MissT,node_98,event,1,8,8,7
MissT,node_99,event,1,8,8,7
MissT,node_100,event,1,8,8,7
MissT,node_101,event,1,8,8,6
MissT,node_102,event,1,8,8,6
MissT,node_103,event,1,8,8,7
MissT,node_104,event,1,8,8,7
MissT,node_105,event,1,8,8,7
MissT,node_106,chat,1,8,8,7
MissT,node_107,event,1,8,8,7
MissT,node_108,event,1,8,8,7
MissT,node_109,event,1,8,8,7
MissT,node_110,event,1,9,8,7
MissT,node_111,event,1,8,8,7
MissT,node_112,event,1,8,8,6
MissT,node_113,event,1,8,8,6
MissT,node_114,event,1,8,8,7
MissT,node_115,chat,1,8,8,6
MissT,node_116,event,1,8,8,7
MissT,node_117,thought,1,8,8,7
MissT,node_118,thought,1,8,8,7
MissT,node_119,thought,1,9,8,7
MissT,node_120,thought,1,8,8,6
MissT,node_121,thought,1,8,8,7
MissT,node_122,thought,1,8,8,7
MissT,node_123,thought,1,8,8,7
MissT,node_124,thought,1,8,8,6
MissT,node_125,thought,1,8,8,7
MissT,node_126,thought,1,8,8,7
MissT,node_127,thought,1,8,8,6
MissT,node_128,thought,1,8,8,7
MissT,node_129,thought,1,8,8,6
MissT,node_130,thought,1,8,8,7
MissT,node_131,thought,1,8,8,7
MissT,node_132,thought,1,8,8,7
MissT,node_133,thought,1,8,8,7
MissT,node_134,event,1,8,8,7
MissT,node_135,event,1,8,8,7
MissT,node_136,event,1,8,8,6
MissT,node_137,event,1,8,8,7
MissT,node_138,event,1,8,8,7
MissT,node_139,event,1,8,8,7
MissT,node_140,event,1,8,8,7
MissT,node_141,event,1,8,8,7
MissT,node_142,event,1,8,8,7
MissT,node_143,event,1,8,8,7
MissT,node_144,event,1,8,8,7
MissT,node_145,event,1,8,8,7
MissT,node_146,event,1,8,8,7
MissT,node_147,event,1,8,8,7
MissT,node_148,event,1,8,8,7
MissT,node_149,event,1,8,8,7
MissT,node_150,event,1,8,8,7
MissT,node_151,event,1,8,8,7
MissT,node_152,event,1,8,8,6
MissT,node_153,event,1,8,8,7
MissT,node_154,event,1,8,8,7
MissT,node_155,event,1,8,8,7
MissT,node_156,event,1,8,8,7
MissT,node_157,event,1,8,8,7
MissT,node_158,event,1,8,8,7
MissT,node_159,event,1,8,8,7
MissT,node_160,event,1,9,8,7
MissT,node_161,event,1,8,8,7
MissT,node_162,event,1,8,8,8
MissT,node_163,event,1,8,8,7
MissT,node_164,event,1,8,8,8
MissT,node_165,event,1,8,8,7
MissT,node_166,event,1,8,8,7
MissT,node_167,event,1,8,8,7
MissT,node_168,event,1,8,8,7
MissT,node_169,event,1,8,8,7
